PCA1,PCA2,label,sentence
-0.060663678,0.0046958188,grammatical_cjess,Q6b8
0.023706991,-0.036121536,grammatical_cjess,B2f4
0.018848142,-0.040591788,grammatical_cjess,N5xb6
0.01819021,0.0005081361,grammatical_cjess,Bcxe6
0.013137433,-0.04102746,grammatical_cjess,B2xc5
-0.032872856,0.005991562,grammatical_cjess,Qef2
-0.057001166,-0.0028030006,grammatical_cjess,Q3h7
-0.042560086,-0.0405528,grammatical_cjess,Qd3xd7
0.020784134,-0.006172142,grammatical_cjess,Nhf4
0.023477662,-0.020474972,grammatical_cjess,cxb8=B
-0.041910127,-0.020363264,grammatical_cjess,Qg8g7
0.020188998,-0.020363512,grammatical_cjess,B7c5
0.011134985,-0.011587132,grammatical_cjess,B5h6
-0.062119465,0.013612528,grammatical_cjess,Q1e6
0.018943066,0.017002491,grammatical_cjess,fxe5
0.0072937813,-0.033382736,grammatical_cjess,B8xg5
0.020076644,-0.04835147,grammatical_cjess,Nb3xd2
0.015491228,-0.024786938,grammatical_cjess,B3f5
-0.038891565,0.024583658,grammatical_cjess,Qe8xe6
0.047294736,-0.0087362975,grammatical_cjess,Rfe5
-0.04271283,-0.045057323,grammatical_cjess,Qd3xc2
-0.048181817,-0.019089287,grammatical_cjess,Qg6g5
0.040939875,0.002212341,grammatical_cjess,h1=B
0.031661555,-0.056738634,grammatical_cjess,R5xb7
0.03638598,-0.0029685276,grammatical_cjess,bxa1=B
0.015351989,0.002297881,grammatical_cjess,N7xe5
0.031224495,0.022427633,grammatical_cjess,Bh3
0.04419929,-0.042295065,grammatical_cjess,R2a5
-0.04027344,-0.032227315,grammatical_cjess,Qgxb3
-0.042545885,0.02923526,grammatical_cjess,Qa7a3
0.020323306,-0.03756744,grammatical_cjess,N7xb6
-0.04519431,-0.019701645,grammatical_cjess,Qxf7
0.023000242,-0.0031186792,grammatical_cjess,cxd4
-0.04380166,0.014064271,grammatical_cjess,Qa3b4
-0.051929247,-0.010171326,grammatical_cjess,Q3h2
-0.051776562,-0.000854436,grammatical_cjess,Q1c4
-0.044354733,-0.024453849,grammatical_cjess,Qd6f8
-0.04352907,-0.0179691,grammatical_cjess,Q2d3
-0.031990703,-0.015446686,grammatical_cjess,Qbxh4
-0.04071032,-0.015198779,grammatical_cjess,Qaxd2
0.017307779,-0.011487153,grammatical_cjess,Bgxe1
0.035114195,-0.018953968,grammatical_cjess,Bdb7
0.043994833,-0.023009539,grammatical_cjess,Raxb2
-0.054893073,-0.005136055,grammatical_cjess,Qc3xe5
-0.035660885,0.019354517,grammatical_cjess,Qah1
-0.041233763,-0.029959137,grammatical_cjess,Qd5f5
0.04426605,-0.024834221,grammatical_cjess,Ncd7
-0.043477677,-0.040925536,grammatical_cjess,Qd8xg8
0.030340917,0.012039721,grammatical_cjess,Ne7c6
-0.03844632,-0.028576305,grammatical_cjess,Qc3b3
-0.05374858,-0.03543777,grammatical_cjess,Qg6xf5
0.049294,-0.021627469,grammatical_cjess,Rdh2
0.025480349,-0.010244433,grammatical_cjess,N4e6
0.030875128,-0.0006386691,grammatical_cjess,Bdh7
-1.1660969e-06,0.0019040795,grammatical_cjess,B5xe3
0.017228777,-0.009386445,grammatical_cjess,Nd6f5
0.040857285,-0.0098465895,grammatical_cjess,Ndb7
0.010344765,-0.014008793,grammatical_cjess,B8xh5
-0.05922578,0.003255438,grammatical_cjess,Q3e5
-0.040505003,-0.033302765,grammatical_cjess,Qd6h2
0.017541463,-0.022950508,grammatical_cjess,N7xc6
0.025305426,-0.021142883,grammatical_cjess,R6xh5
-0.04655855,-0.015864866,grammatical_cjess,Qc5e3
0.035070397,-0.031306636,grammatical_cjess,R3c4
-0.04065754,-0.014989802,grammatical_cjess,Qcxc8
-0.03912369,-0.023867784,grammatical_cjess,Qb8g8
0.03198748,-0.04716102,grammatical_cjess,Rxc4
0.0045271246,-0.003974308,grammatical_cjess,Bh7f5
0.026188899,-0.014699438,grammatical_cjess,N5g6
0.037708387,-0.037317395,grammatical_cjess,R6g2
-0.043509085,-0.011728285,grammatical_cjess,Qc2xa4
0.018393772,-0.010573744,grammatical_cjess,Bcxe4
0.033762433,-0.024875108,grammatical_cjess,R3e7
0.025825923,-0.015731916,grammatical_cjess,Raxg8
-0.04219781,-0.030075299,grammatical_cjess,Qd6d4
0.018679474,0.010567745,grammatical_cjess,N1xa3
-0.029650388,-0.024541942,grammatical_cjess,Qe5xb2
0.04481389,0.01215933,grammatical_cjess,g8=R
-0.069130026,-0.002503146,grammatical_cjess,Q6xc8
0.027551906,-0.0037071346,grammatical_cjess,Bhd8
0.0030184842,-0.024538577,grammatical_cjess,B6xc5
0.015352361,-0.012928046,grammatical_cjess,B7e4
-0.0614316,0.01057539,grammatical_cjess,Q4xa7
-0.04368255,-0.025946155,grammatical_cjess,Qf2e3
0.013221014,-0.0008598689,grammatical_cjess,Bhxc6
0.028519752,-0.020178553,grammatical_cjess,N1h3
0.03040303,-0.058237396,grammatical_cjess,Rxf4
-0.055398863,-0.038424313,grammatical_cjess,Qf5xf3
-0.05026776,-0.006394929,grammatical_cjess,Q3xh2
-0.0047551687,0.032102123,grammatical_cjess,a8=Q
0.010027455,-0.06282592,grammatical_cjess,Bf2xg3
-0.018428344,0.031693816,grammatical_cjess,Qexa1
0.023948137,-0.023705,grammatical_cjess,R8xh7
-0.02054696,-0.020612983,grammatical_cjess,Qfd8
0.013809042,-0.012460894,grammatical_cjess,Bgxe7
-0.041176345,0.015771309,grammatical_cjess,Qef3
0.024712449,-0.0523796,grammatical_cjess,Bd2f4
-0.037502848,-0.015075743,grammatical_cjess,Qe8xf7
-0.05087511,-0.035994817,grammatical_cjess,Qc5xf8
0.012708772,-0.02857187,grammatical_cjess,Bg7e5
-0.05476166,-0.03553574,grammatical_cjess,Qh5xd5
-0.057539757,-0.013246382,grammatical_cjess,Qh3e3
-0.05421868,-0.04070827,grammatical_cjess,Qh4xd4
-0.0583459,0.013113193,grammatical_cjess,Qexh6
-0.042931117,-0.018026698,grammatical_cjess,Qc3c6
-0.0015985899,0.02954919,grammatical_cjess,g1=Q
-0.047900066,0.024134288,grammatical_cjess,Qec6
0.013585558,0.011989228,grammatical_cjess,Nd8xe6
0.010565983,-0.065455645,grammatical_cjess,Bc3xb4
0.028451553,-0.03422399,grammatical_cjess,Nxg5
0.031058345,0.0154212415,grammatical_cjess,Bec7
-0.05003094,-0.007064104,grammatical_cjess,Q5g4
-0.04707262,0.013149489,grammatical_cjess,Qxa4
0.04953602,-0.05068353,grammatical_cjess,R2b6
-0.048361465,0.007820328,grammatical_cjess,Qgxa3
0.011786203,-0.014466571,grammatical_cjess,Kxe4
-0.042742986,-0.034238547,grammatical_cjess,Qdxf3
-0.040154338,-0.033908006,grammatical_cjess,Qd8d5
0.035445135,-0.027202448,grammatical_cjess,Rcxc7
-0.042875696,-0.031557646,grammatical_cjess,Qb5xc6
0.028213965,0.020917632,grammatical_cjess,Be1c3
-0.023675203,-0.026707076,grammatical_cjess,Qe2xb5
0.04641556,-0.024520718,grammatical_cjess,Nb5
-0.061012562,0.011412347,grammatical_cjess,Q7a6
-0.04886733,-0.034925286,grammatical_cjess,Qc4xc3
0.006385138,-0.0013507834,grammatical_cjess,Bh6g5
-0.043055028,0.024829764,grammatical_cjess,Qa7a2
-0.0660989,0.008125103,grammatical_cjess,Q6c3
0.016117971,0.003394552,grammatical_cjess,Ne8f6
-0.054177687,0.011104575,grammatical_cjess,Qhxa6
0.03788958,-0.033285145,grammatical_cjess,R1e4
0.023870552,-0.010052523,grammatical_cjess,R7xa5
0.039095644,0.03250256,grammatical_cjess,Ba6
0.015091934,-0.04156761,grammatical_cjess,Bgxb7
0.0023543474,-0.014918791,grammatical_cjess,Bf7xe6
0.04748563,0.002741828,grammatical_cjess,Rad3
0.013792598,-0.039982617,grammatical_cjess,Nc7xd5
-0.057280112,-0.0071307025,grammatical_cjess,Q4h7
0.019605102,-0.036297757,grammatical_cjess,Nfxg5
0.046426136,-0.00063420756,grammatical_cjess,Rfe6
-0.035241257,-0.039599374,grammatical_cjess,Qd2c2
0.039883267,-0.04189434,grammatical_cjess,R2g6
-0.04338247,-0.034928586,grammatical_cjess,Qc6xb7
-0.044159655,-0.033204913,grammatical_cjess,Qb6xd6
0.043474108,0.015167209,grammatical_cjess,b5
-0.069707945,-0.0051404126,grammatical_cjess,Q6xc5
0.025973354,0.0008833683,grammatical_cjess,Rhxe8
0.05463981,-0.033924513,grammatical_cjess,Rb7
-0.06321364,0.00910484,grammatical_cjess,Q6c8
-0.03983379,-0.030611262,grammatical_cjess,Qc4b5
-0.05543116,0.00065071706,grammatical_cjess,Q1xh7
0.013645123,-0.030740162,grammatical_cjess,Bbxd3
0.025657631,-0.038450323,grammatical_cjess,Bxb1
0.018775312,-0.04389266,grammatical_cjess,Bbxg2
-0.05178239,-0.036527794,grammatical_cjess,Qf5xf7
0.04473441,-0.0222312,grammatical_cjess,Ncd6
0.027229773,0.026155962,grammatical_cjess,Nge7
0.027164992,-0.029459463,grammatical_cjess,Rgxh5
0.0336465,-0.02341801,grammatical_cjess,N4c6
-0.052087303,-0.01047193,grammatical_cjess,Qb8xe5
-0.030621517,0.0046649976,grammatical_cjess,Qba8
-0.037235938,-0.0012350816,grammatical_cjess,Qbg3
0.03625888,-0.01991566,grammatical_cjess,Rexb6
-0.04496011,-0.0398632,grammatical_cjess,Qd6xf6
0.036973853,-0.036214624,grammatical_cjess,R4c5
0.015411718,-0.04726325,grammatical_cjess,Bgxf2
-0.04378151,-0.048400503,grammatical_cjess,Qb4xb3
-0.049497377,-0.022887545,grammatical_cjess,Qgxc3
0.04086376,-0.029887982,grammatical_cjess,Rxh2
-0.04697008,-0.03650242,grammatical_cjess,Qc6xb5
0.050862882,-0.029230092,grammatical_cjess,Rgb3
-0.06586799,0.016633034,grammatical_cjess,Q3xa8
-0.051960688,0.007614622,grammatical_cjess,Qexg8
-0.03864237,-0.03441968,grammatical_cjess,Qd1f3
-0.04830991,-0.015463714,grammatical_cjess,Qhxh4
-0.040431876,-0.0124606015,grammatical_cjess,Qa2xf2
0.026880432,-0.056898747,grammatical_cjess,R6xb4
-0.056633167,-0.0038084674,grammatical_cjess,Q8h2
0.023679791,-0.034201566,grammatical_cjess,Bd7c6
0.004600598,-0.027289432,grammatical_cjess,B3xc5
0.0031464228,-0.038581274,grammatical_cjess,Kxf5
-0.05849385,0.029066496,grammatical_cjess,Qa4e8
0.043672323,0.02731131,grammatical_cjess,Re8
-0.059048228,-0.034544077,grammatical_cjess,Qh8xg7
-0.026952058,-0.025773667,grammatical_cjess,Qe2xf2
0.007161192,0.00014601724,grammatical_cjess,B7xa5
-0.05842309,-0.018664394,grammatical_cjess,Qh8xh3
0.019314313,0.004918211,grammatical_cjess,gxh5
0.025168534,0.03556681,grammatical_cjess,Ka6
0.024315001,-0.004185116,grammatical_cjess,N5e6
0.014575565,-0.02360716,grammatical_cjess,Bxc8
0.008482739,-0.03661277,grammatical_cjess,B6xb7
0.035094716,-0.03533678,grammatical_cjess,N3b2
0.017267756,-0.013727294,grammatical_cjess,B7a5
-0.06343997,0.018641667,grammatical_cjess,Q8xa2
0.028866142,-0.020859798,grammatical_cjess,N5d6
0.0038370756,-0.0309338,grammatical_cjess,Ng7xf5
0.017128881,-0.02917957,grammatical_cjess,Bb6c7
0.017287873,-0.03016737,grammatical_cjess,N7xg6
0.021640807,-0.04776551,grammatical_cjess,Rgxg4
0.022330247,-0.004216008,grammatical_cjess,bxc7
-0.0576292,0.00525962,grammatical_cjess,Qc6xa8
-0.03823333,-0.012943552,grammatical_cjess,Qcg3
-0.04908955,-0.037014507,grammatical_cjess,Qf8xg7
-0.04987012,-0.04070505,grammatical_cjess,Qg5xf4
0.034564633,-0.02418387,grammatical_cjess,Rdxe3
0.020070015,-0.030371243,grammatical_cjess,Bc7e5
0.035706233,-0.021886462,grammatical_cjess,Rdxe8
-0.048042748,-0.020027714,grammatical_cjess,Qf7c4
0.051254332,-0.026134143,grammatical_cjess,Rdd3
-0.052721705,-0.011463827,grammatical_cjess,Q1g2
-0.040359408,-0.015819062,grammatical_cjess,Q2d7
-0.058084257,-0.016809002,grammatical_cjess,Qh5h6
-0.038173214,-0.018796584,grammatical_cjess,Qb8a7
-0.0425408,-0.03308042,grammatical_cjess,Qgxd2
-0.044984546,-0.007266116,grammatical_cjess,Qfxe2
0.026666218,0.010521935,grammatical_cjess,Rcxa6
0.023249533,-0.02358138,grammatical_cjess,Bgf3
-0.045755487,-0.0143430075,grammatical_cjess,Q2h2
0.018402562,-0.033609144,grammatical_cjess,Bxg5
-0.053581595,-0.016728532,grammatical_cjess,Qf3f6
-0.05274854,0.0361776,grammatical_cjess,Qa6a5
-0.05878998,0.0016405535,grammatical_cjess,Q5f6
0.024897028,-0.059435423,grammatical_cjess,Bdxb1
0.03819774,-0.017854959,grammatical_cjess,Rdf7
0.043680422,-0.028951805,grammatical_cjess,Rdc8
-0.050889038,-0.036813755,grammatical_cjess,Qc3xf3
0.02708283,-0.012241039,grammatical_cjess,R5xa2
-0.055753242,0.012713134,grammatical_cjess,Qeg4
0.048953615,-0.056967612,grammatical_cjess,Rbf2
0.01577508,-0.01372222,grammatical_cjess,N7xh5
0.03390523,-0.0032544497,grammatical_cjess,Raxh6
0.024814444,-0.023143627,grammatical_cjess,Bdxe4
0.03633089,0.012659587,grammatical_cjess,Nab7
0.02599192,-0.059734143,grammatical_cjess,R2xg3
-0.037756436,-0.03423141,grammatical_cjess,Qd7xc7
-0.039820593,-0.017316084,grammatical_cjess,Q2g2
0.029758511,-0.021351049,grammatical_cjess,Bfd6
-0.04239976,-0.036648512,grammatical_cjess,Qc7xb7
-0.034756538,0.06618883,grammatical_cjess,Qa1
-0.055070117,0.0013455161,grammatical_cjess,Q1d6
0.018709525,0.0073299548,grammatical_cjess,Baxe8
0.034189105,-0.042427726,grammatical_cjess,R4g3
-0.057718087,-0.015049268,grammatical_cjess,Qf6f4
0.01904063,-0.040710937,grammatical_cjess,Rgxg7
0.026662806,-0.04712375,grammatical_cjess,Rfxg1
0.030741254,0.019016797,grammatical_cjess,bxa5
-0.042193983,-0.026255978,grammatical_cjess,Qf2e1
0.017251708,-0.03004421,grammatical_cjess,Bxc4
0.03970683,-0.033947553,grammatical_cjess,R4a7
-0.03476142,-0.030088665,grammatical_cjess,Qd6b6
0.02476981,0.03927185,grammatical_cjess,f7
-0.03032306,-0.0017112326,grammatical_cjess,Qe4f3
0.009739855,-0.041586235,grammatical_cjess,Bgxf5
0.025066262,-0.009522174,grammatical_cjess,R7xe6
0.02225147,-0.028040415,grammatical_cjess,Nc4e3
-0.046078667,-0.021894393,grammatical_cjess,Qgxc1
-0.03076475,-0.015825823,grammatical_cjess,Qe4xc2
0.03136655,0.013178399,grammatical_cjess,Rhxa8
-0.054491017,0.0033195026,grammatical_cjess,Qxe4
0.04547085,-0.03330755,grammatical_cjess,Rdc3
0.019286294,-0.02829915,grammatical_cjess,Nf6e4
0.033867,0.0082777925,grammatical_cjess,exf3
0.023073867,-0.03370283,grammatical_cjess,Bxc2
-0.04255306,-0.039575074,grammatical_cjess,Qg8xb3
-0.053520147,0.00074917614,grammatical_cjess,Qc8xe6
0.031799924,-0.018657975,grammatical_cjess,Bxh2
-0.05309092,-0.022874236,grammatical_cjess,Q3xf1
0.027957838,-0.0068732747,grammatical_cjess,Bhg4
0.022811111,-0.019576425,grammatical_cjess,Bfc7
-0.052684758,-0.026323512,grammatical_cjess,Qh4xh2
0.032461483,0.0009852883,grammatical_cjess,Rexe6
-0.00605178,-0.024588307,grammatical_cjess,Bh3xg4
-0.042083453,-0.04373249,grammatical_cjess,Qb7xb4
0.039320502,-0.035187934,grammatical_cjess,R1c4
0.023443334,-0.0009825036,grammatical_cjess,Bhf7
0.017018808,-0.04019912,grammatical_cjess,Nc8xd6
0.043022048,-0.016653894,grammatical_cjess,Ndc4
0.04430973,-0.03668129,grammatical_cjess,Rcb8
0.034217395,-0.029045796,grammatical_cjess,N3h2
0.026486209,0.003394063,grammatical_cjess,gxh8=R
0.032803748,-0.022512907,grammatical_cjess,N3e2
0.010463654,0.001850557,grammatical_cjess,Baxc5
-0.051716816,-0.025969429,grammatical_cjess,Qf4f3
-0.06448749,0.019339824,grammatical_cjess,Q8e6
-0.054276496,-0.03786886,grammatical_cjess,Qf7xf3
0.02270012,-0.015287707,grammatical_cjess,Bcxh6
-0.046835832,-0.03295832,grammatical_cjess,Qg7xg6
-0.009324787,-0.0041814083,grammatical_cjess,gxf8=Q
0.043238778,-0.0167498,grammatical_cjess,Bca4
0.02280872,0.012251484,grammatical_cjess,Ned3
-0.050528374,-0.01758559,grammatical_cjess,Qg6f6
-0.06518917,-0.006168745,grammatical_cjess,Qh4xe1
-0.05019997,-0.049080364,grammatical_cjess,Qf4xb8
-0.04993839,0.0030585895,grammatical_cjess,Qa7xg1
-0.050535858,-0.018403808,grammatical_cjess,Q4xc6
0.015327657,-0.042169888,grammatical_cjess,Bfxg2
0.039680738,-0.014709253,grammatical_cjess,Rgh6
-0.047337413,-0.028128937,grammatical_cjess,Q3xg2
0.025165377,-0.007632887,grammatical_cjess,Bbxa5
0.016422186,-0.021065643,grammatical_cjess,Bgxh4
-0.022154184,0.032062296,grammatical_cjess,Qexa3
-0.033585005,-0.024417702,grammatical_cjess,Qcd4
0.014091871,0.0012253202,grammatical_cjess,Ng6e7
0.026702443,-0.048278864,grammatical_cjess,R8xd5
-0.05134597,-0.021048633,grammatical_cjess,Q4xc3
0.018040488,-0.020625783,grammatical_cjess,N6f4
0.02071844,-0.017415853,grammatical_cjess,Kf1
0.026867038,-0.054678388,grammatical_cjess,R8xg4
-0.045180306,-0.049951646,grammatical_cjess,Qf2xd2
-0.045078494,-0.0075127482,grammatical_cjess,Q3c4
0.032090154,-0.02263577,grammatical_cjess,N7b6
-0.050286964,-0.043456323,grammatical_cjess,Qc4xf4
0.05126136,-0.0030510852,grammatical_cjess,b1=N
0.016656142,-0.04364931,grammatical_cjess,Nb6xd5
-0.038175426,-0.009510983,grammatical_cjess,Qcg6
-0.037610944,-0.030545607,grammatical_cjess,Qb3c2
0.029033007,-0.015357194,grammatical_cjess,N4a6
0.030207573,-0.038837418,grammatical_cjess,Bcxd4
-0.035183012,-0.023562467,grammatical_cjess,Qcxb5
0.029404558,-0.03364566,grammatical_cjess,Nc3e2
0.036461797,-0.033153843,grammatical_cjess,R1d3
-0.04417873,-0.0110375,grammatical_cjess,Qhxh6
-0.0453282,-0.016352184,grammatical_cjess,Qd1xe2
0.0012266557,-0.005691961,grammatical_cjess,Nh5f6
-0.04328741,-0.04310849,grammatical_cjess,Qb5xb7
0.027593086,-0.017375577,grammatical_cjess,Kc1
-0.034363322,-0.014958615,grammatical_cjess,Qe3xd2
0.024294594,-0.020776713,grammatical_cjess,Ng3e2
-0.049380377,-0.0060381135,grammatical_cjess,Q4c1
-0.028523868,-0.028180176,grammatical_cjess,Qdc4
-0.05765606,0.0030197413,grammatical_cjess,Q7c6
-0.050618827,-0.0020161225,grammatical_cjess,Q5b1
-0.04969386,-0.018374493,grammatical_cjess,Qxf6
0.020460451,-0.03926333,grammatical_cjess,N3xd2
0.02675358,-0.01188852,grammatical_cjess,Naxc8
0.039142832,-0.014301778,grammatical_cjess,Rxe6
-0.038977385,0.037268233,grammatical_cjess,Qaxa8
0.046268616,-0.02261054,grammatical_cjess,Rgg3
0.018095613,-0.03633466,grammatical_cjess,Bgxd1
0.015560331,-0.04694469,grammatical_cjess,Nb3xd4
0.026010478,0.0011983303,grammatical_cjess,Rhxe7
0.024092188,-0.017306225,grammatical_cjess,Bdxh3
0.033792607,-0.0032141674,grammatical_cjess,Bfe2
-0.04911096,-0.009319989,grammatical_cjess,Q1b4
0.013534116,-0.019858692,grammatical_cjess,N6xc7
0.04416111,-0.014062303,grammatical_cjess,Bde2
0.03798059,-0.018875567,grammatical_cjess,Bb3
-0.0584515,0.002697725,grammatical_cjess,Q8xh3
-0.036333397,-0.016306413,grammatical_cjess,Qcd3
0.016224137,-0.031087922,grammatical_cjess,Bg3e5
0.038557023,-0.038955405,grammatical_cjess,R2g7
0.03345552,-0.063610606,grammatical_cjess,R2xb7
-0.040372107,-0.039563194,grammatical_cjess,Qd8xd7
-0.042911615,-0.028066952,grammatical_cjess,Qh2g1
-0.033159614,-0.004600532,grammatical_cjess,Qe8xc6
0.017325291,-0.015196204,grammatical_cjess,Kf7
0.04091722,0.0017929008,grammatical_cjess,Nab4
-0.036520652,0.018451197,grammatical_cjess,Qha6
-0.053356078,-0.014850952,grammatical_cjess,Qd3xe4
0.027897201,0.023790909,grammatical_cjess,Bae6
-0.051938564,0.012117049,grammatical_cjess,Qcxa8
-0.057268664,-0.02825075,grammatical_cjess,Qh3xc3
-0.030734321,-0.0143336,grammatical_cjess,Qe1xd2
-0.053035002,0.02417907,grammatical_cjess,Qgg6
-0.05265613,-0.02766738,grammatical_cjess,Qh4g4
-0.041913744,0.0049269907,grammatical_cjess,Qbe4
0.035194945,-0.021679161,grammatical_cjess,Bcf7
-0.04542338,-0.035997495,grammatical_cjess,Q2xb3
-0.0412247,-0.023403104,grammatical_cjess,Qc5d4
0.042042546,-0.0062397798,grammatical_cjess,Bca6
-0.04302313,-0.032839593,grammatical_cjess,Qbxf1
0.035146553,-0.052535452,grammatical_cjess,Rxd5
0.018274378,-0.03330002,grammatical_cjess,Bdxc8
-0.05356186,-0.0006666975,grammatical_cjess,Q4a4
-0.038634524,-0.021197645,grammatical_cjess,Qb7c8
-0.031789977,-0.009289695,grammatical_cjess,Qe7xd6
-0.04631891,-0.022872182,grammatical_cjess,Qxd8
0.009958584,-0.0053738924,grammatical_cjess,Baxf8
0.03899161,-0.037792943,grammatical_cjess,R3b7
0.035593137,-0.030826189,grammatical_cjess,R8h7
-0.04818386,-0.02366978,grammatical_cjess,Qfxg6
0.02277978,-0.028183332,grammatical_cjess,B2e4
0.04184341,0.013630674,grammatical_cjess,Rae6
-0.06856886,0.019706087,grammatical_cjess,Q8xe3
-0.047989774,-0.033349387,grammatical_cjess,Qfxf4
0.014129846,-0.03052713,grammatical_cjess,Bd8e7
0.034270003,-0.032199178,grammatical_cjess,R1h3
-0.051872622,-0.008208427,grammatical_cjess,Q5d3
-0.04188212,0.007892625,grammatical_cjess,Qdxa6
0.033885513,-0.037936114,grammatical_cjess,Bbf2
0.040377744,-0.022176562,grammatical_cjess,Rdxa2
0.014487215,-0.044607475,grammatical_cjess,B1xg3
0.041450176,-0.039082974,grammatical_cjess,Rfg1
0.029956525,-0.014759843,grammatical_cjess,Raxc8
-0.039483838,-0.026333122,grammatical_cjess,Qb3g3
-0.05722093,-0.017347867,grammatical_cjess,Q1xc4
0.0024179593,-0.027043698,grammatical_cjess,B5xc4
0.016825328,-0.054431327,grammatical_cjess,B2xb3
0.026518688,-0.0320939,grammatical_cjess,B1g2
0.034416232,0.03177791,grammatical_cjess,Rea8
-0.05763974,0.006210632,grammatical_cjess,Qexf7
-0.053944163,-0.01923726,grammatical_cjess,Q7xd5
0.019001624,-0.010931102,grammatical_cjess,N7xh6
0.024850747,-0.016152563,grammatical_cjess,N4e3
0.015391064,0.010271016,grammatical_cjess,N8xe6
-0.042163357,-0.026521547,grammatical_cjess,Qb5b6
0.009917553,-0.02633435,grammatical_cjess,Nd7xf6
-0.044398878,-0.027692575,grammatical_cjess,Qf1b5
-0.047083326,-0.024174225,grammatical_cjess,Q8xb7
0.021999884,-0.027784497,grammatical_cjess,B4d6
-0.05547974,-0.0033042142,grammatical_cjess,Q7c4
0.022591574,-0.02091026,grammatical_cjess,Bfxh2
0.0530693,0.0027968406,grammatical_cjess,Rad1
-0.057444118,-0.03509032,grammatical_cjess,Qh1xd5
0.02033671,-0.02205374,grammatical_cjess,Bgxh2
0.035357304,0.004411206,grammatical_cjess,Bbe2
-0.05201931,-0.005326136,grammatical_cjess,Q5d8
-0.049607676,-0.00067412993,grammatical_cjess,Qhxa2
-0.047171958,-0.008890538,grammatical_cjess,Qaxg6
-0.04868677,-0.030001808,grammatical_cjess,Q3xf2
-0.054272942,-0.026667882,grammatical_cjess,Qhxd8
0.014125481,-0.020754976,grammatical_cjess,Nf1xe3
-0.048837166,-0.008156317,grammatical_cjess,Q7d2
-0.039647922,-0.040687054,grammatical_cjess,Qdxg2
-0.04804613,-0.034969233,grammatical_cjess,Qg5xg6
0.044259723,-0.026848735,grammatical_cjess,Rdc6
0.028787296,-0.0075379224,grammatical_cjess,Bexd1
0.03231919,-0.002063837,grammatical_cjess,Bde7
-0.05613087,-0.024988882,grammatical_cjess,Qhxd3
0.039211094,0.029471548,grammatical_cjess,e5
-0.056488134,0.033755586,grammatical_cjess,Qa5xa4
-0.047649775,-0.028529596,grammatical_cjess,Qc5xc7
0.04964274,-0.017288076,grammatical_cjess,Rfa8
-0.04104102,-0.024007263,grammatical_cjess,Qc5b5
-0.048895027,-0.023649113,grammatical_cjess,Qh6d2
0.0274621,-0.02806738,grammatical_cjess,N4h3
-0.0584143,0.002955826,grammatical_cjess,Q7xh6
-0.05289356,-0.023650572,grammatical_cjess,Q3xf6
-0.027693598,0.0067467587,grammatical_cjess,Qag5
0.01458985,-0.01423403,grammatical_cjess,Ng8f6
0.015119379,-0.04619162,grammatical_cjess,Nc5xb3
-0.045090415,-0.031741858,grammatical_cjess,Q2xd5
-0.047626033,-0.018022468,grammatical_cjess,Qf8d8
-0.063054256,0.011879837,grammatical_cjess,Q6xh1
-0.05149069,-0.016481226,grammatical_cjess,Qf3e4
0.028226057,-0.042009518,grammatical_cjess,Nf2d3
-0.037505284,-0.0018865016,grammatical_cjess,Qe3xc1
-0.039365824,0.012696143,grammatical_cjess,Qbe1
0.047624588,-0.028408114,grammatical_cjess,Rdg3
-0.04617195,-0.02172552,grammatical_cjess,Qg7f8
-0.040718865,-0.026917111,grammatical_cjess,Qd6c5
0.032750104,-0.03043438,grammatical_cjess,R7h5
-0.04591259,-0.040883653,grammatical_cjess,Qf7xb7
0.024818549,-0.03692972,grammatical_cjess,Ngxf2
-0.061194148,-0.0075845495,grammatical_cjess,Qf6e5
-0.045968268,-0.041664056,grammatical_cjess,Qd5xd3
0.050874617,0.0074516227,grammatical_cjess,b2
0.0084173195,-0.009904432,grammatical_cjess,Nhxg6
0.034504823,-0.0363548,grammatical_cjess,Ncxb4
0.03588839,-0.04501928,grammatical_cjess,Rxd7
-0.05009203,-0.02806108,grammatical_cjess,Qh4h2
-0.048522662,-0.03659534,grammatical_cjess,Qg8xg5
-0.05303241,-0.01851795,grammatical_cjess,Q5xg6
0.035819877,-0.023841312,grammatical_cjess,Rbxe5
0.033065412,-0.066153124,grammatical_cjess,R2xb6
0.028341748,-0.051224556,grammatical_cjess,R2xc7
0.03188129,0.017049216,grammatical_cjess,bxa4
0.007511103,-0.007083222,grammatical_cjess,Ne8xc7
0.022100601,-0.04889044,grammatical_cjess,Rdxf3
0.039912056,-0.04013941,grammatical_cjess,R6b4
0.03502435,-0.0002414103,grammatical_cjess,Nfh1
0.024928058,-0.02899489,grammatical_cjess,Nbxc5
-0.008105955,-0.02082785,grammatical_cjess,Nh8xg6
-0.042613313,0.021673879,grammatical_cjess,Qa2a5
-0.05418136,0.009144128,grammatical_cjess,Q1e1
0.010208615,-0.004321502,grammatical_cjess,Baxb8
-0.04418174,-0.03384481,grammatical_cjess,Q2xg2
0.005666351,-0.031820253,grammatical_cjess,B3xc4
0.04560971,-0.022339148,grammatical_cjess,Rff2
-0.03196601,-0.02431962,grammatical_cjess,Qgf2
0.024868222,-0.028075397,grammatical_cjess,B2c4
0.039332516,0.03454925,grammatical_cjess,Beb1
0.017793683,-0.00981698,grammatical_cjess,Bcxe5
0.036106035,-0.023422142,grammatical_cjess,Rexb3
0.022817753,-0.010963438,grammatical_cjess,N6g7
0.024024524,-0.047960095,grammatical_cjess,R7xg3
-0.0358154,-0.03248699,grammatical_cjess,Qg2d5
-0.045177184,-0.023373205,grammatical_cjess,Qg4xh5
0.033151217,0.004963703,grammatical_cjess,Red5
-0.03940016,-0.031631395,grammatical_cjess,Qdxd6
0.010850683,-0.059757378,grammatical_cjess,Bc6xb5
-0.043266945,-0.02750146,grammatical_cjess,Qf1b1
0.027425205,-0.033921406,grammatical_cjess,Bcxb7
-0.036188982,-0.017027153,grammatical_cjess,Qgf5
0.033690453,-0.022341719,grammatical_cjess,Bf3
-0.053516783,0.0013514026,grammatical_cjess,Q5a2
-0.04818629,-0.031552322,grammatical_cjess,Qgxg4
0.017135918,-0.017658636,grammatical_cjess,fxg2
0.03587358,-0.021557154,grammatical_cjess,R8e6
-0.054293796,0.039617427,grammatical_cjess,Qa3xa6
0.033462476,-0.047652453,grammatical_cjess,Rbxd6
0.022738507,-0.022410432,grammatical_cjess,Bfc8
-0.03582205,-0.008115641,grammatical_cjess,Qe5xd5
0.0236145,-0.046901237,grammatical_cjess,Bdxc2
-0.06274631,0.0020441464,grammatical_cjess,Q8h8
0.030642847,-0.06137757,grammatical_cjess,R8xb4
-0.030363018,-0.001198668,grammatical_cjess,Qda4
0.028860053,-0.043112554,grammatical_cjess,Rbxd7
-0.04296144,-0.042196903,grammatical_cjess,Qb7xb5
-0.046715964,0.027861135,grammatical_cjess,Qe6xe3
0.025059626,-0.020624274,grammatical_cjess,hxg8=N
-0.06782645,0.014913218,grammatical_cjess,Q4xe5
0.02811449,-0.025465325,grammatical_cjess,R2xe4
0.009895248,-0.022635756,grammatical_cjess,Na7xb5
-0.048214108,-0.022140615,grammatical_cjess,Qh1h2
-0.044235047,-0.04715874,grammatical_cjess,Qd5xd2
0.02612353,-0.02642714,grammatical_cjess,R3xh2
0.03848421,-0.03872368,grammatical_cjess,R1h2
0.037807647,0.015063774,grammatical_cjess,Rexa4
0.021795783,-0.0011115401,grammatical_cjess,R5xe6
0.014020392,-0.042441662,grammatical_cjess,Bfxb8
0.019172885,-0.042225454,grammatical_cjess,Bd4f6
0.015984958,-0.032485165,grammatical_cjess,N6xg4
-0.053681403,0.011596641,grammatical_cjess,Qa6xc4
0.028080193,-0.016631454,grammatical_cjess,Rgxe6
0.009186891,-0.029886767,grammatical_cjess,Bbxc7
0.019458428,-0.019735888,grammatical_cjess,N4xh5
0.030747386,-0.019467374,grammatical_cjess,R1xe2
0.047425047,-0.0013968452,grammatical_cjess,Nca1
0.022043059,-0.018269015,grammatical_cjess,Nc6e5
0.01409537,-0.0034454316,grammatical_cjess,Baxb1
0.029001417,-0.02234717,grammatical_cjess,N2xh3
-0.04692296,0.029371899,grammatical_cjess,Qa2e6
-0.04855955,-0.026272677,grammatical_cjess,Q5xb5
-0.052029356,-0.031985234,grammatical_cjess,Qc6xf3
0.031559747,0.03911414,grammatical_cjess,Nde4
-0.04090852,0.018322222,grammatical_cjess,Qec7
-0.05925126,0.028674461,grammatical_cjess,Qhe3
0.004058015,-0.03275826,grammatical_cjess,B7xg5
-0.03702081,-0.040605783,grammatical_cjess,Qdxb6
-0.052094556,0.020557085,grammatical_cjess,Qxa3
0.027258536,-0.014679403,grammatical_cjess,bxc2
0.002938742,-0.03444726,grammatical_cjess,Kxf8
-0.037687387,-0.031839043,grammatical_cjess,Qg2g4
-0.052116,-0.02192615,grammatical_cjess,Qf7f4
-0.050855216,-0.02445137,grammatical_cjess,Q8xb3
-0.04096239,-0.010902933,grammatical_cjess,Qd1xa4
0.026307143,-0.049102295,grammatical_cjess,Rbxg4
-0.040892497,-0.029199028,grammatical_cjess,Qg3f2
0.0053940713,-0.02985487,grammatical_cjess,Kxb8
0.03596423,0.034990586,grammatical_cjess,Rhe8
-0.03860027,-0.019950042,grammatical_cjess,Qg7d7
-0.03227742,0.008709108,grammatical_cjess,Qe4a8
-0.05594092,-0.04101803,grammatical_cjess,Qh4xg4
0.054830242,-0.039694954,grammatical_cjess,Rb8
-0.045007043,-0.027792715,grammatical_cjess,Qg5xc1
-0.03142849,-0.025434382,grammatical_cjess,Qd7c7
0.03353944,-0.021690076,grammatical_cjess,Rexf1
0.038005397,-0.01722395,grammatical_cjess,Bg1
-0.047353446,-0.020029042,grammatical_cjess,Qb5e8
0.019636108,-0.034096222,grammatical_cjess,Nfxg8
-0.027207451,-0.0007019323,grammatical_cjess,Qe4d4
-0.05082564,-0.011718178,grammatical_cjess,Qg6e6
-0.050871495,-0.030937048,grammatical_cjess,Qc5xc3
-0.042089052,-0.05770605,grammatical_cjess,Qd4xb2
-0.00080351485,0.024566606,grammatical_cjess,h1=Q
0.033988815,-0.0075229523,grammatical_cjess,Rhxe2
0.038554486,0.011090075,grammatical_cjess,g8=B
0.021375554,-0.041502394,grammatical_cjess,N3xg2
-0.053995185,-0.022599148,grammatical_cjess,Qhxc7
0.015548825,-0.02060178,grammatical_cjess,B5d4
-0.034724113,0.015607639,grammatical_cjess,Qe3e5
-0.048595365,0.027415853,grammatical_cjess,Qa3a2
-0.045031097,-0.024678033,grammatical_cjess,Qf5b1
0.0355756,-0.035729565,grammatical_cjess,R4c3
0.04047404,-0.044160485,grammatical_cjess,Rcxb4
-0.040964242,0.013095706,grammatical_cjess,Qbe7
0.019896463,-0.018438397,grammatical_cjess,B4a3
-0.025141485,0.00991527,grammatical_cjess,Qe7d8
0.036092732,0.000768415,grammatical_cjess,dxe1=R
-0.06105626,-0.006724204,grammatical_cjess,Qf3xe2
0.02103374,-0.030504065,grammatical_cjess,B4b3
0.03513997,0.0043291585,grammatical_cjess,Nfe3
-0.054894503,-0.01969603,grammatical_cjess,Qh3f3
-0.0426357,-0.0015155815,grammatical_cjess,Qdf3
0.03142966,-0.01981578,grammatical_cjess,Raxf7
0.049380943,-0.023067137,grammatical_cjess,Rbb5
0.032895435,-0.020950573,grammatical_cjess,Bfd1
0.0118378755,-0.028961541,grammatical_cjess,Bfxd8
-0.05178782,-0.026932053,grammatical_cjess,Q7xb4
0.030286489,-0.041096114,grammatical_cjess,Rxg7
0.027086958,-0.04753371,grammatical_cjess,R7xd6
-0.065891385,0.018062435,grammatical_cjess,Q7xa4
-0.042470463,0.011215595,grammatical_cjess,Qa4b3
0.016213953,0.007402766,grammatical_cjess,N7xe6
-0.04951817,-0.023048934,grammatical_cjess,Qg8f8
0.007033387,-0.005964321,grammatical_cjess,Be4f3
0.030566882,0.014726446,grammatical_cjess,Ned1
0.02744306,-0.027392032,grammatical_cjess,Rcxh4
0.05566915,-0.0406458,grammatical_cjess,Rb5
0.04553113,-0.014993819,grammatical_cjess,Bga2
-0.040166028,-0.03309372,grammatical_cjess,Qb4b3
0.01167474,-0.003982328,grammatical_cjess,B3xa2
0.026826281,-0.022682486,grammatical_cjess,N3h5
0.03761016,-0.03546426,grammatical_cjess,Bcb5
0.010399856,-0.013108182,grammatical_cjess,B6g5
0.02407612,-0.03972145,grammatical_cjess,Bd5c4
0.034874234,-0.008222034,grammatical_cjess,Rff6
0.053300697,-0.032982986,grammatical_cjess,Rd5
-0.038386982,9.701254e-05,grammatical_cjess,Qhh4
0.01970604,-0.0031074723,grammatical_cjess,Bbxa3
-0.034229387,0.0017517257,grammatical_cjess,Qbb8
0.030801471,-0.04743096,grammatical_cjess,Rdxg1
-0.05702879,0.0041708224,grammatical_cjess,Q7a4
-0.048886016,-0.044174854,grammatical_cjess,Qf3xb7
0.03770399,0.0038899803,grammatical_cjess,f1=B
0.037557628,-0.021329094,grammatical_cjess,Rbxe6
0.016356207,0.009404185,grammatical_cjess,Bexh3
-0.049995363,0.0047984426,grammatical_cjess,Qcxa2
0.034139194,-0.039100442,grammatical_cjess,R5d3
0.036181748,-0.03898422,grammatical_cjess,R3g2
-0.04644243,-0.008621767,grammatical_cjess,Q2xh5
-0.043474145,-0.037401766,grammatical_cjess,Qg7xg2
0.022925522,-0.029795809,grammatical_cjess,B3b2
-0.046408135,-0.03142343,grammatical_cjess,Q3xb4
-0.045340247,-0.030673523,grammatical_cjess,Qg5xc5
-0.043064777,-0.03344414,grammatical_cjess,Qd3d5
-0.05497299,0.01488316,grammatical_cjess,Qexc1
0.043672025,-0.04204518,grammatical_cjess,Rfd5
0.045958467,-0.004695254,grammatical_cjess,Nba1
-0.004936247,0.017271128,grammatical_cjess,dxe8=Q
0.018937685,-0.03195628,grammatical_cjess,Bc6e4
-0.051821515,-0.0063567916,grammatical_cjess,Q3g5
0.022440782,-0.0076707727,grammatical_cjess,Ngxh5
-0.06386844,0.002287937,grammatical_cjess,Q8h3
-0.05204379,-0.04499661,grammatical_cjess,Qf4xf5
0.03948862,-0.009948374,grammatical_cjess,Bce2
-0.045254383,-0.028407695,grammatical_cjess,Qb1f5
-0.053322483,-0.008743447,grammatical_cjess,Qb8xe8
-0.053042658,-0.021790886,grammatical_cjess,Qh3d7
-0.03405626,-0.020840935,grammatical_cjess,Qcxd6
0.032071043,-0.036191735,grammatical_cjess,N4b5
0.016126947,-0.040061373,grammatical_cjess,Nb6xd7
-0.04665945,0.015105609,grammatical_cjess,Qa7g7
0.043921426,0.0066436357,grammatical_cjess,Nd8
-0.040852822,-0.024535155,grammatical_cjess,Qg7d4
0.011315692,-0.012909069,grammatical_cjess,Ba1xc3
-0.047782503,-0.007994428,grammatical_cjess,Q4g1
-0.049224097,-0.020152736,grammatical_cjess,Qh8c3
-0.039052162,-0.025109984,grammatical_cjess,Qc3d4
0.036906503,-0.015146852,grammatical_cjess,Raxb7
-0.057948302,0.028613523,grammatical_cjess,Qxa6
-0.05396977,-0.03218263,grammatical_cjess,Qhxc2
0.036443055,-0.044820763,grammatical_cjess,R8f4
-0.05582617,0.004814931,grammatical_cjess,Qa6xf6
0.022116521,-0.035905816,grammatical_cjess,N1xc2
-0.04909967,-0.037136596,grammatical_cjess,Qc5xc2
0.02239161,-0.041348077,grammatical_cjess,Rgxc4
0.03343402,-0.022460915,grammatical_cjess,Rbxe3
-0.05887825,-0.02149442,grammatical_cjess,Qhxc3
0.047095608,-0.006272073,grammatical_cjess,exd8=N
0.020195926,0.011093953,grammatical_cjess,Bhxe1
-0.05163265,-0.018572545,grammatical_cjess,Q5xg7
0.02597317,-0.03678026,grammatical_cjess,Bcxf8
0.022796584,0.027439438,grammatical_cjess,Ngh7
0.016266879,-0.023928083,grammatical_cjess,N8xc6
0.028904464,-0.028376717,grammatical_cjess,R5xh2
0.028539617,-0.03992686,grammatical_cjess,Bcxb5
0.031008888,-0.04538085,grammatical_cjess,Rbxd8
-0.05130863,-0.035564,grammatical_cjess,Qf7xf6
-0.05176697,0.03055561,grammatical_cjess,Qa3a7
0.01482197,-0.017598068,grammatical_cjess,B5b6
0.004605125,-0.020473093,grammatical_cjess,Bc5xe3
-0.07155339,0.029903226,grammatical_cjess,Q6xe6
0.048138972,-0.017602595,grammatical_cjess,Rbb7
0.023928223,-0.021532426,grammatical_cjess,Rhxc7
0.034416918,-0.021534288,grammatical_cjess,Rxh7
-0.03845413,-0.022093818,grammatical_cjess,Qb8d6
0.018325357,-0.035730556,grammatical_cjess,Bf8d6
-0.045940496,0.02647308,grammatical_cjess,Qa7a5
0.031610943,-0.006827209,grammatical_cjess,Na1b3
0.013443841,0.008545803,grammatical_cjess,N6xa5
-0.034853753,-0.010562835,grammatical_cjess,Qe4xc4
0.01725151,0.0011202489,grammatical_cjess,Kg7
-0.059952557,0.027780036,grammatical_cjess,Qa1xh8
0.053103942,-0.02025334,grammatical_cjess,Rde6
0.031728096,0.0393297,grammatical_cjess,Nge6
0.029279383,-0.045283638,grammatical_cjess,Bc1d2
-0.042543307,-0.018048692,grammatical_cjess,Qe3xf4
0.01545607,-0.043547157,grammatical_cjess,Bbxf1
0.034021933,-0.018388927,grammatical_cjess,Rexd3
0.010682636,-0.019071765,grammatical_cjess,Ba4xc6
0.026326766,-0.056654498,grammatical_cjess,R4xg5
-0.036350053,-0.012448612,grammatical_cjess,Qf2
-0.04776534,-0.010077142,grammatical_cjess,Q1d2
0.032456778,-0.01832837,grammatical_cjess,Nexd4
0.017135423,-0.053171895,grammatical_cjess,B1xb4
-0.046113078,-0.026229488,grammatical_cjess,Qf5b5
0.015925389,0.00477436,grammatical_cjess,Bcxa3
-0.066119134,0.028478693,grammatical_cjess,Q1xe6
-0.045557752,-0.03266343,grammatical_cjess,Qh2xc7
-0.053119924,0.012420609,grammatical_cjess,Qcxa5
0.025471803,-0.054935046,grammatical_cjess,Rdxf4
-0.02473619,-0.020569187,grammatical_cjess,Qe2xd2
-0.047790203,-0.006105576,grammatical_cjess,Qb7xa8
-0.04199275,-0.0077514546,grammatical_cjess,Qaxc7
-0.034146037,-0.017529832,grammatical_cjess,Qgxh2
-0.039713398,-0.03400694,grammatical_cjess,Qd7xc8
-0.065770775,0.021161085,grammatical_cjess,Q8xa8
-0.0475145,-0.02742675,grammatical_cjess,Qb5f1
0.025952814,-0.006026956,grammatical_cjess,R7xa6
0.028951116,-0.012484376,grammatical_cjess,N2xa4
-0.058001976,-0.023500266,grammatical_cjess,Q1xf6
0.024121176,-0.017432895,grammatical_cjess,Bdxh7
0.007010811,-0.02418813,grammatical_cjess,B7xc6
-0.05480337,-0.0036545214,grammatical_cjess,Q8g4
0.04227153,-0.0073536816,grammatical_cjess,Rdh7
-0.06253731,0.010968829,grammatical_cjess,Q4xa8
-0.05114403,-0.0015417776,grammatical_cjess,Q8d7
-0.046497896,-0.02963131,grammatical_cjess,Qc3xc7
0.05008517,-0.0134404665,grammatical_cjess,Rca5
0.038515177,-0.016677303,grammatical_cjess,Rdf6
0.029981779,0.004050592,grammatical_cjess,dxe2
0.025797531,-0.04522657,grammatical_cjess,Rgxd8
0.017121406,-0.03251415,grammatical_cjess,N6xb7
0.035471193,-0.003969244,grammatical_cjess,bxa8=N
-0.041715235,-0.035144713,grammatical_cjess,Qb1xd1
0.02949096,-0.032440007,grammatical_cjess,Nb8d7
-0.046735954,-0.010158008,grammatical_cjess,Q3d5
0.032255415,0.02873736,grammatical_cjess,Rec8
0.02144287,-0.03049261,grammatical_cjess,Nf4e6
0.001270764,-0.02356506,grammatical_cjess,B5xc3
-0.036495347,-0.027180089,grammatical_cjess,Qc2d1
0.035983518,0.008485729,grammatical_cjess,Rae7
0.0016304216,-0.014525672,grammatical_cjess,Nh4f3
0.04445608,0.0026564847,grammatical_cjess,Ng8
-0.03065698,-0.015596376,grammatical_cjess,Qbc5
0.013646897,-0.046019133,grammatical_cjess,N4xf6
0.038800865,-0.009216687,grammatical_cjess,Bdh2
0.02124144,-0.0049322033,grammatical_cjess,Bgh2
-0.027716132,-0.015699942,grammatical_cjess,Qe2xc4
0.030647136,-0.01864712,grammatical_cjess,Ne2f4
0.009829496,-0.030293107,grammatical_cjess,Ba5xb4
-0.059881005,-0.0005233477,grammatical_cjess,Q3h8
0.050136764,0.00839316,grammatical_cjess,Nd1
-0.051080517,-0.038256504,grammatical_cjess,Qg3xf3
0.02981439,-0.035406284,grammatical_cjess,Nbxd6
0.034268167,-0.038247526,grammatical_cjess,Rcxf5
0.029214712,-0.0009500614,grammatical_cjess,Rfxa6
0.03278984,-0.059667785,grammatical_cjess,R1xf6
-0.043191403,0.023538496,grammatical_cjess,Qa7c7
0.047965534,-0.028067918,grammatical_cjess,Rbg8
0.02243495,-0.02918023,grammatical_cjess,Bfg3
0.008194998,0.0040901434,grammatical_cjess,Be5d4
0.03270792,-0.016977526,grammatical_cjess,Rexg6
-0.0674671,0.005783122,grammatical_cjess,Q6h7
0.032170914,-0.006244578,grammatical_cjess,N1a3
-0.041558906,-0.036454674,grammatical_cjess,Qf2b6
0.01058056,-0.016730493,grammatical_cjess,Bb1xe4
0.026569275,-0.0032701013,grammatical_cjess,N8a6
-0.04851708,-0.025639193,grammatical_cjess,Qg6xc6
0.044668645,-0.017666062,grammatical_cjess,Bge2
-0.03851834,-0.014811707,grammatical_cjess,Qhg1
-0.037592787,0.015505485,grammatical_cjess,Qha8
-0.05003736,-0.05427661,grammatical_cjess,Qf2xb6
0.031421505,-0.0008077283,grammatical_cjess,Nfh7
0.019587094,-0.03946931,grammatical_cjess,Bd8f6
-0.05479993,-0.004868583,grammatical_cjess,Q8b3
-0.035960488,-0.009547891,grammatical_cjess,Qe5xg5
-0.042753454,-0.022354294,grammatical_cjess,Qg3g6
0.0072602024,-0.0039580963,grammatical_cjess,B4xa3
-0.05622024,0.03162586,grammatical_cjess,Qa7xe3
0.02221188,-0.05028226,grammatical_cjess,R5xg3
0.029887555,-0.01614863,grammatical_cjess,R2xe6
0.019525295,-0.031712737,grammatical_cjess,Nfxd3
-0.05991213,-0.020921467,grammatical_cjess,Qh8xh4
-0.05298267,-0.018930525,grammatical_cjess,Qh3g3
-0.057981946,-0.01372231,grammatical_cjess,Q1xc7
-0.05423436,-0.033275045,grammatical_cjess,Qf6xf7
0.013735508,-0.03969295,grammatical_cjess,Bxf6
-0.05471086,0.005195185,grammatical_cjess,Q3a7
0.038578555,-0.01252864,grammatical_cjess,Rhg8
0.030754775,-0.054882463,grammatical_cjess,Rxf5
0.010438273,-0.010809302,grammatical_cjess,Bgxe3
0.0381514,-0.013302988,grammatical_cjess,Ndf6
0.046179842,-0.048494447,grammatical_cjess,R1b4
0.025904052,-0.01211056,grammatical_cjess,Bbxe1
0.036560167,-0.032719206,grammatical_cjess,R7g6
-0.04377961,-0.044119522,grammatical_cjess,Qd8xg5
0.044950992,0.010069514,grammatical_cjess,Nab1
-0.041621376,-0.0019139893,grammatical_cjess,Qxh8
0.03446972,0.022534179,grammatical_cjess,h3
-0.053745065,-0.012998408,grammatical_cjess,Qf8e8
0.025134273,-0.014428887,grammatical_cjess,fxg1=R
0.03811682,-0.036011137,grammatical_cjess,Rcxg6
0.029094832,0.0036507274,grammatical_cjess,Ndxe7
0.0143852625,-0.016903192,grammatical_cjess,B7h4
0.0097512575,-0.012284192,grammatical_cjess,B7xh6
0.022036549,-0.0022672508,grammatical_cjess,Ncxe8
0.027468743,-0.02912513,grammatical_cjess,Nb6d7
0.031362183,-0.05756717,grammatical_cjess,R7xb5
0.019950783,-0.022482399,grammatical_cjess,N5f6
0.01770664,-0.005540747,grammatical_cjess,Ba3b4
0.018035075,-0.017605579,grammatical_cjess,Bgxe2
0.034462404,-0.022457218,grammatical_cjess,bxc1=N
0.041482292,-0.038450383,grammatical_cjess,Rfc5
-0.051094763,-0.006880238,grammatical_cjess,Q7b2
-0.04275545,-0.050924927,grammatical_cjess,Qd2xg5
0.0056030476,-0.03628665,grammatical_cjess,B3xd4
-0.034290753,0.01474908,grammatical_cjess,Qha5
0.016469067,-0.019483328,grammatical_cjess,Bgxh5
-0.040751047,-0.0135981385,grammatical_cjess,Qfc6
0.026498014,-0.012498582,grammatical_cjess,Bxe5
0.03894028,-0.05091648,grammatical_cjess,R4f2
-0.058344897,0.0035862424,grammatical_cjess,Q1xh8
-0.050940108,-0.030199707,grammatical_cjess,Qf7xc4
0.023203999,-0.007965246,grammatical_cjess,Nd3e5
0.026012184,-0.04843539,grammatical_cjess,R1xc3
-0.023259528,0.010876942,grammatical_cjess,Qag1
0.029910754,-0.014361607,grammatical_cjess,Rcxe2
-0.06529457,0.021933615,grammatical_cjess,Q1xa1
-0.052994896,-0.02035957,grammatical_cjess,Qf3f4
0.016160961,-0.032596212,grammatical_cjess,N3xc4
0.0007118568,-0.049631875,grammatical_cjess,Bf6xg7
-0.05749795,0.008323212,grammatical_cjess,Qc6xe6
0.011838369,-0.06711519,grammatical_cjess,Bc4xb5
-0.057176694,-0.027389795,grammatical_cjess,Qhxg7
0.039544273,0.044756692,grammatical_cjess,Nde1
-0.057861842,-0.016428553,grammatical_cjess,Qh6h4
0.0188985,-0.050836645,grammatical_cjess,Bdxf6
0.02684136,-0.025796423,grammatical_cjess,B3c2
0.03308235,-0.01735103,grammatical_cjess,Nxh4
-0.04579765,-0.041014176,grammatical_cjess,Qg4xf5
-0.055933926,-0.03290762,grammatical_cjess,Qh7xg6
0.04076884,0.030841278,grammatical_cjess,Re3
0.004782412,-0.0064348225,grammatical_cjess,Bhxg3
-0.04756003,-0.03746424,grammatical_cjess,Qg5xf5
0.038941856,-0.032705028,grammatical_cjess,R8c7
0.02488616,-0.022313373,grammatical_cjess,Rcxh7
-0.057674743,0.025410375,grammatical_cjess,Qa4xa5
0.025234213,-0.05789041,grammatical_cjess,R2xd3
0.05285231,-0.022124493,grammatical_cjess,Rbb1
-0.055470932,-0.017166067,grammatical_cjess,Qh5xh6
-0.057603594,-0.022636618,grammatical_cjess,Qhxc8
0.037862465,-0.018650075,grammatical_cjess,Nxh2
0.03555304,-0.034277588,grammatical_cjess,Rcxg7
-0.037361607,-0.036934663,grammatical_cjess,Qb2c2
-0.04736549,-0.017883584,grammatical_cjess,Qf8d6
-0.05207125,-0.018234607,grammatical_cjess,Q8xg7
-0.072108865,0.01846029,grammatical_cjess,Q5xe3
-0.059372842,0.006369447,grammatical_cjess,Q4e1
0.04099819,-0.0441871,grammatical_cjess,R2e4
-0.05665284,-0.017546296,grammatical_cjess,Q7xg8
-0.047574308,-0.028442428,grammatical_cjess,Qfxf3
0.008485767,-0.04798034,grammatical_cjess,Bd3xc4
0.023297137,-0.00025287032,grammatical_cjess,Nd1e3
-0.04558075,-0.029537413,grammatical_cjess,Qf1g2
-0.04330037,-0.0110762855,grammatical_cjess,Qd7xa4
0.019143648,0.012747689,grammatical_cjess,Bag7
0.02192209,-0.012340008,grammatical_cjess,R7xe3
0.02834271,0.017511483,grammatical_cjess,Nxa6
-0.053787585,-0.020490354,grammatical_cjess,Q3xg8
0.014926122,0.016133755,grammatical_cjess,Be5c3
-0.06806857,0.026547546,grammatical_cjess,Q6xa7
-0.049845044,-0.002417919,grammatical_cjess,Q7d7
-0.045773305,-0.031982005,grammatical_cjess,Qf4h2
-0.011717957,-0.024295492,grammatical_cjess,Nh3xf4
0.047609955,0.012701798,grammatical_cjess,d2
-0.046822026,-0.0165562,grammatical_cjess,Qc8xh3
0.028917382,-0.02248265,grammatical_cjess,Raxg4
-0.04220701,-0.018935582,grammatical_cjess,Qg1c5
0.025946023,-0.030725595,grammatical_cjess,Bgf4
0.04344012,-0.020921027,grammatical_cjess,Rcf5
-0.058163818,0.002607737,grammatical_cjess,Qa3xd3
-0.04180166,-0.025774121,grammatical_cjess,Qc3c2
-0.0041630673,-0.013700991,grammatical_cjess,Be6xf7
0.027663494,-0.055840645,grammatical_cjess,R2xc5
0.021556031,-0.028084287,grammatical_cjess,Bfg7
0.009366828,-0.0029797382,grammatical_cjess,Bh7g6
-0.04547923,-0.044427376,grammatical_cjess,Qd6xd2
-0.03454118,-0.016354004,grammatical_cjess,Qcd6
0.022553135,-0.0023430784,grammatical_cjess,Ncxe7
-0.045517743,-0.014422912,grammatical_cjess,Qhxh5
0.026158588,-0.018812435,grammatical_cjess,Rgxe8
-0.030825118,0.023046583,grammatical_cjess,Qaa1
0.016560247,-0.018906292,grammatical_cjess,B5c4
0.0086631,-0.031053545,grammatical_cjess,Bbxc8
0.03856369,-0.027031867,grammatical_cjess,R1e7
-0.047188494,-0.027109535,grammatical_cjess,Q2xg8
-0.052608643,-0.010031949,grammatical_cjess,Qd7xe8
0.052805353,-0.0006310349,grammatical_cjess,Ng1
-0.031059131,-0.020087436,grammatical_cjess,Qe1xb4
-0.046526935,-0.019467307,grammatical_cjess,Qf7h5
-0.05358171,-0.0022185126,grammatical_cjess,Q1d5
-0.06338443,0.0031692637,grammatical_cjess,Q6g4
0.029731762,-0.020228447,grammatical_cjess,Raxf3
-0.057588685,-0.0037496593,grammatical_cjess,Q7h2
-0.048010338,-0.011907334,grammatical_cjess,Qxc6
0.0015432183,-0.0088677285,grammatical_cjess,Be6xd7
0.038549248,0.004618179,grammatical_cjess,Ne1c2
0.0056203976,0.008435965,grammatical_cjess,Nd5xe3
0.02001847,-0.0022596521,grammatical_cjess,N4xa6
-0.044806216,-0.024913501,grammatical_cjess,Qg3d3
0.030253932,-0.013795106,grammatical_cjess,Rgxa4
0.027840683,-0.050675537,grammatical_cjess,Rdxd3
0.026869798,-0.038113687,grammatical_cjess,Bcxb3
0.022540305,-0.042356562,grammatical_cjess,R8xc3
-0.0399358,-0.047359437,grammatical_cjess,Qd8xb6
-0.035660233,0.007938829,grammatical_cjess,Qfh5
-0.037641626,-0.025131004,grammatical_cjess,Qdxc7
0.05173995,-0.022932988,grammatical_cjess,Rdd6
0.015243212,-0.03482389,grammatical_cjess,Nd2xf3
-0.0412762,-0.0020236252,grammatical_cjess,Qdg8
0.02769654,-0.025134446,grammatical_cjess,N4g3
-0.03666097,-0.030018134,grammatical_cjess,Qg2g5
-0.047110558,0.03396989,grammatical_cjess,Qa6d6
0.014332509,-0.00750305,grammatical_cjess,Nc7xe6
0.00580974,-0.00034694572,grammatical_cjess,Bh8f6
0.041536722,0.0146418875,grammatical_cjess,h2
0.0312275,-0.030411959,grammatical_cjess,Nb7d6
0.019030562,-0.030893449,grammatical_cjess,Nfxg7
-0.065260045,-0.0071874075,grammatical_cjess,Qh7xe7
-0.049208738,-0.039095573,grammatical_cjess,Qg8xg4
0.032573804,-0.0062016537,grammatical_cjess,Rhxh1
-0.05103816,0.011738183,grammatical_cjess,Qgh6
0.025816066,-0.064181685,grammatical_cjess,R4xb3
-0.04701522,-0.033018477,grammatical_cjess,Qc5xd6
0.031961396,-0.027013876,grammatical_cjess,Rgxe2
-0.04588766,-0.014555228,grammatical_cjess,Qaxf5
-0.064728156,0.018489651,grammatical_cjess,Q8xe7
-0.045013677,-0.045224316,grammatical_cjess,Qd8xf8
-0.043896094,-0.044939872,grammatical_cjess,Qd1xg1
-0.03590002,-0.03429466,grammatical_cjess,Qd4g1
0.028126337,-0.054752324,grammatical_cjess,R7xg2
-0.05356351,-0.022626514,grammatical_cjess,Q5xf7
0.04270043,-0.014988645,grammatical_cjess,Rch6
0.0203296,-0.0035110726,grammatical_cjess,Bbxa7
-0.04306081,-0.041723426,grammatical_cjess,Qg1xf2
-0.03845663,-0.043608557,grammatical_cjess,Qdxb5
0.021756956,-0.01295714,grammatical_cjess,Ba4b3
-0.04149328,-0.029331602,grammatical_cjess,Qfxd5
0.035879955,-0.032799568,grammatical_cjess,Bdc3
-0.046609532,-0.028317522,grammatical_cjess,Q4xg4
-0.036112607,-0.029232657,grammatical_cjess,Qd8a5
-0.037471514,-0.010442964,grammatical_cjess,Qdxh8
-0.046053965,-0.012530653,grammatical_cjess,Qhg8
0.012205973,-0.06485773,grammatical_cjess,Bd2xf4
0.030866716,-0.003175999,grammatical_cjess,Bba5
0.0053726397,-0.049338378,grammatical_cjess,Bg8xf7
0.03432694,-0.021754578,grammatical_cjess,bxc8=R
-0.04931499,-0.018165987,grammatical_cjess,Q8xd7
-0.043128286,-0.015469356,grammatical_cjess,Q3d2
0.027244724,-0.059496585,grammatical_cjess,R1xf3
-0.04424496,-0.006613771,grammatical_cjess,Q3b7
-0.04593079,-0.019005481,grammatical_cjess,Qb2xe5
0.024923772,-0.04221513,grammatical_cjess,R8xc6
-0.03364781,-0.009244859,grammatical_cjess,Qb3
-0.033249978,-0.01573237,grammatical_cjess,Qfg5
-0.045271836,-0.038123075,grammatical_cjess,Qfxb8
-0.047012437,-0.023669716,grammatical_cjess,Qxd5
0.025673218,-0.015600534,grammatical_cjess,N8g6
0.03469137,-0.03471565,grammatical_cjess,Rcxf7
-0.042361293,0.016270472,grammatical_cjess,Qa5b5
-0.053166598,0.007258774,grammatical_cjess,Qexd7
0.03921172,-0.00725734,grammatical_cjess,Ndc7
-0.071427844,0.017191308,grammatical_cjess,Q7xe3
-0.045966964,-0.029540878,grammatical_cjess,Qc1xd1
-0.03851588,-0.025138313,grammatical_cjess,Qd6g6
-0.047993165,-0.027672376,grammatical_cjess,Q4xd3
0.026361734,-0.03485181,grammatical_cjess,Rhxd5
-0.04409537,-0.03114689,grammatical_cjess,Qc7xd7
0.026611235,0.01488877,grammatical_cjess,Bae4
0.028278872,-0.021017158,grammatical_cjess,N3g5
0.012464305,-0.00022393044,grammatical_cjess,Baxb6
0.0345087,-0.03380348,grammatical_cjess,Ncxd4
0.022792416,-0.041674808,grammatical_cjess,Nxf4
-0.052985266,-0.020807127,grammatical_cjess,Qh8g7
-0.044669393,-0.013413485,grammatical_cjess,Q3d4
0.032377254,-0.029271988,grammatical_cjess,R2xh7
0.035671573,-0.04212522,grammatical_cjess,R4g5
0.01961089,-0.0145840645,grammatical_cjess,Ng3e4
0.017036825,-0.017763026,grammatical_cjess,B5d3
0.022628887,0.03159694,grammatical_cjess,Bea4
-0.05824112,-0.01942782,grammatical_cjess,Q6xd2
0.016817883,0.040634483,grammatical_cjess,Bhe3
0.027165063,0.0075123943,grammatical_cjess,Ne8c7
-0.044717595,-0.032195687,grammatical_cjess,Qbxg4
-0.034809455,-0.03453264,grammatical_cjess,Qd3b1
-0.053404246,-0.023449833,grammatical_cjess,Qh5g4
-0.02983082,0.0019262386,grammatical_cjess,Qgb5
0.033057388,-0.04210618,grammatical_cjess,Bcxd2
-0.045843072,-0.034740794,grammatical_cjess,Qfxg2
0.03898377,0.0016159093,grammatical_cjess,Rag2
0.036668852,-0.030992737,grammatical_cjess,R6c4
0.038757242,-0.036160998,grammatical_cjess,R8c5
0.05053791,0.00069022353,grammatical_cjess,Nce1
0.017083688,-0.037127458,grammatical_cjess,Bbxg1
0.0026223445,-0.0058791856,grammatical_cjess,Be4xc6
-0.06010512,-0.038907982,grammatical_cjess,Qh3xg4
-0.015261218,0.0714531,agrammar_code,f4eQ
0.021007728,-0.026201813,agrammar_code,Bxd78
0.01784613,0.05018297,agrammar_code,6xeaR
0.027321482,0.020019788,agrammar_code,b5eBx
0.03931615,0.057766285,agrammar_code,4xabR
0.02737921,0.01850202,agrammar_code,fex3B
0.023608716,-0.013651443,agrammar_code,K2f
0.033072527,-0.024656843,agrammar_code,1Rfxb
0.030444542,0.0046681263,agrammar_code,cxN8d
-0.010268363,-0.017263938,agrammar_code,dQ4dx5
0.05379948,0.03561526,agrammar_code,d17R
0.04361907,0.059090648,agrammar_code,76Ng
0.03005399,-0.02483659,agrammar_code,bx5R2
-0.021098929,0.03567435,agrammar_code,xaQg4
-0.012163439,0.021211678,agrammar_code,h6Q7xh
0.04074707,0.053441696,agrammar_code,e21Ng
-0.0060482216,0.04263473,agrammar_code,exQ6g
0.02074287,-0.005204947,agrammar_code,1Bfxd
0.042200297,-0.020119902,agrammar_code,Rcx48
0.031717386,-0.010583565,agrammar_code,hf3N2
0.034857586,0.021848025,agrammar_code,fRf3
-0.03087468,0.017138064,agrammar_code,1Qfdx
0.02591869,-3.3458295e-05,agrammar_code,7bgxR
-0.008475935,0.06716053,agrammar_code,35aQ
0.040533736,0.018923841,agrammar_code,cbB23
0.015625762,0.024377722,agrammar_code,bdQ88
-0.011781653,0.02555488,agrammar_code,g13xQg
-0.004636994,0.008986199,agrammar_code,xhb4Q
-0.05899673,-0.02107699,agrammar_code,Qx4dg4
0.028437363,-0.021227418,agrammar_code,N2df3
0.036276486,0.026752062,agrammar_code,xNe5g
0.038816933,0.042488206,agrammar_code,g7R
-0.008550765,0.022319414,agrammar_code,eQx3a
0.019955091,0.0075219222,agrammar_code,6Ng4x
0.03700497,0.032922152,agrammar_code,5cK
-0.031868093,-0.0009577641,agrammar_code,5fQxf4
0.02946181,-0.025639286,agrammar_code,Bf2a
0.013423935,-0.018983193,agrammar_code,xd5Bf7
0.035259496,0.035654962,agrammar_code,x1acN
0.017145036,0.006809334,agrammar_code,7axB5
-0.0077102953,0.024284901,agrammar_code,b6bQ7
0.0077327336,0.006411146,agrammar_code,g5xf
0.043457832,-0.027517654,agrammar_code,Rdc7
0.01726784,-0.028700117,agrammar_code,Bx2dg
-0.002076786,0.007542675,agrammar_code,dQh4
-0.011395855,0.05466757,agrammar_code,Qe23
0.031245748,0.019230545,agrammar_code,bg7B
-0.00076045474,0.026181469,agrammar_code,xQ26c
0.029678397,7.161756e-05,agrammar_code,1R6gx
0.048826154,0.021737713,agrammar_code,d85B
-0.06136955,0.012762739,agrammar_code,Q8ex6g
-0.037672758,0.035682105,agrammar_code,3Qec5
-0.031755723,0.057173435,agrammar_code,5Qce
0.032669943,0.051931765,agrammar_code,8xeN
0.026412133,0.006379662,agrammar_code,eg3xN
-0.009660741,0.08870806,agrammar_code,xa17Q
-0.04663497,0.03512651,agrammar_code,3Q3dg
0.04245556,0.06377052,agrammar_code,28eR
0.046923302,0.020708231,agrammar_code,aR5g
0.0045473203,0.036577567,agrammar_code,cQ1g
-0.048380505,-0.007335291,agrammar_code,Q7bc6x
-0.017965637,0.023410551,agrammar_code,7Qc6c
-0.0022426131,0.050501436,agrammar_code,bx67Qa
0.005063757,-0.038319707,agrammar_code,Bxg4e6
0.019798556,-0.0018251594,agrammar_code,x3eN2
0.04011483,0.03042742,agrammar_code,45aR
0.024075117,0.02045236,agrammar_code,2Bef3
0.017174419,1.2897484e-05,agrammar_code,fx1hR
-0.03386883,0.0063354047,agrammar_code,Qc55a
0.005350239,0.060067054,agrammar_code,87bQ
0.02525223,-0.002140611,agrammar_code,4Rcdx
0.05391525,0.026779357,agrammar_code,bNa5
-0.011631499,0.07069332,agrammar_code,he6Q
0.01709784,-0.013339403,agrammar_code,B35hx
-0.01516132,0.020618679,agrammar_code,dx6Qe
-0.009171043,-0.0043247803,agrammar_code,dx4Q5e
-0.016568469,0.028095812,agrammar_code,c4cQ6
0.02266145,0.0046971347,agrammar_code,fx3N
-0.060786974,0.00061174313,agrammar_code,Q7g7e
0.040960606,0.0047112587,agrammar_code,5gN
0.008860931,-0.016832378,agrammar_code,Bxgd8
0.00078103284,0.041438792,agrammar_code,acxQ42
-0.00071204343,0.07237447,agrammar_code,eaQ4
0.05638843,0.045699652,agrammar_code,exR37
-0.01617625,0.0143999895,agrammar_code,c8Qf8
0.023998301,-0.01289661,agrammar_code,gf4B3
-0.01264607,0.026486041,agrammar_code,5xh5dQ
-0.013962492,0.03453673,agrammar_code,7df7Q
-0.0041375253,0.021134123,agrammar_code,cfQ5x
-0.058310937,0.025609748,agrammar_code,Q57d
0.02893488,0.0102242995,agrammar_code,a5B6b
0.032221716,-0.018813953,agrammar_code,dbRx7
0.046287674,0.03317228,agrammar_code,fB25
-0.018792706,0.040499743,agrammar_code,8xeQ8f
0.0014177124,0.054952282,agrammar_code,78cxQ
0.019013653,0.0011315903,agrammar_code,x3aB1
0.006370401,-0.010402471,agrammar_code,K7dx
0.033737753,0.021562992,agrammar_code,x1Rbd
0.028436596,-0.00062548753,agrammar_code,5gN3h
-0.00892523,0.013400285,agrammar_code,cf8Q8
-0.020950502,0.041726734,agrammar_code,f7Q5
-0.01470499,0.07593441,agrammar_code,f6eQ
0.04092712,0.0014194472,agrammar_code,dgB6
0.042821556,0.0053470475,agrammar_code,1cbB
-0.022540512,0.05483626,agrammar_code,5xaQ1
0.0139240725,-0.008788942,agrammar_code,4xdb6B
-0.004437807,0.032438904,agrammar_code,e3Q7
-0.055308387,-0.007952222,agrammar_code,Q4e2
0.025961343,0.018702166,agrammar_code,a6bBx
-0.014907288,0.0040488616,agrammar_code,fxQ4c1
-0.0075512114,0.040738054,agrammar_code,fQ2d
-0.054434504,0.006682291,agrammar_code,Q3e3d
0.022285406,-0.005810793,agrammar_code,a7xR4
-0.055190798,-0.0032575428,agrammar_code,Qcex5
-0.026334161,0.024775304,agrammar_code,f6xcQ6
-0.024091026,0.045807336,agrammar_code,g6eQ8
-0.028772209,0.025146952,agrammar_code,72Qhxh
-0.027042152,0.018041354,agrammar_code,7Qxd
-0.018662704,0.036579784,agrammar_code,42Qgg
-0.034971334,0.028135004,agrammar_code,4Q3a
0.025337204,0.015041076,agrammar_code,gR4xh
-0.019843448,0.023375494,agrammar_code,4f8bQ
0.037677687,0.005404402,agrammar_code,4bNa2
0.043649852,0.038368724,agrammar_code,hB76
-0.021891566,0.020126026,agrammar_code,5Qcxd
0.027904456,-0.0017100903,agrammar_code,e2xd
0.026585927,-0.017550362,agrammar_code,gR7x2
0.03403618,-0.009115175,agrammar_code,d2R3x
0.013292552,0.0057246354,agrammar_code,4xBae
-0.016767751,0.012995604,agrammar_code,c8Qh3
-0.0240503,0.016239608,agrammar_code,3Q1b
-0.028332254,0.011894081,agrammar_code,Qe5c7
-0.008173427,0.018016487,agrammar_code,fx24dQ
-0.028985424,0.024663027,agrammar_code,7Qbgx
0.029135492,-0.00071326154,agrammar_code,4gBx
-0.023670169,0.040275067,agrammar_code,fQxe2
0.02657097,-0.015096087,agrammar_code,Ngx45
0.048416305,0.010945089,agrammar_code,dcR1
-0.024006316,-0.0006007708,agrammar_code,Qba5
0.029733144,-0.019515378,agrammar_code,R2xe7
-0.016251251,0.07324267,agrammar_code,1Qa1
0.03368541,-0.0038034737,agrammar_code,R7xh
0.026328096,0.046694957,agrammar_code,f5R
0.035177816,0.015624006,agrammar_code,fBd6
-0.017749922,0.0070142467,agrammar_code,xh8Q3
0.018994318,0.021411885,agrammar_code,7Baxc
-0.034288924,-0.01426342,agrammar_code,Qb3b
-0.0109119415,0.024009073,agrammar_code,fxQ34f
0.036969986,0.020628165,agrammar_code,h6Rb
0.033397853,0.074275024,agrammar_code,53Nh
-0.0028422861,0.056917753,agrammar_code,e37axQ
0.037099738,-0.0033885061,agrammar_code,Rfh6
-0.052833583,0.012699917,agrammar_code,Q56xhh
0.040063668,0.0057555595,agrammar_code,8Rd=
0.035654142,-0.0015886948,agrammar_code,2bB1a
-0.01720687,0.0360018,agrammar_code,73xQe
-0.013037476,0.04570192,agrammar_code,g5Qf
0.03274945,0.025132116,agrammar_code,h6
0.01947462,-0.0058418782,agrammar_code,xf6N7
-0.017739806,0.053260777,agrammar_code,6fQh
0.0077681765,0.027842889,agrammar_code,cbQ5
0.054312736,0.039655037,agrammar_code,87aR
-0.00018661037,0.046527043,agrammar_code,hQ15
0.028280651,-0.004438233,agrammar_code,B53b
-0.056355096,0.028341347,agrammar_code,Q3cf
-0.03682885,0.059366494,agrammar_code,Qa3
-0.00704061,0.0015426084,agrammar_code,bfQx8
0.027142119,0.01182417,agrammar_code,b6cB5
0.04152499,-0.014948237,agrammar_code,b=Nax1
-0.007300287,-0.002323444,agrammar_code,bQ7x6
-0.0035062141,0.06970063,agrammar_code,2cQ
0.05014419,0.025418747,agrammar_code,Ra38
0.0057007037,-0.036270812,agrammar_code,Bgfx7
0.030807063,-0.009473124,agrammar_code,Bbg6
0.0008946241,0.035265364,agrammar_code,c8bQ
-0.014526634,-0.0031272627,agrammar_code,3Qb8g
-0.00045819394,0.026972441,agrammar_code,bf62Qx
0.002672377,0.020957464,agrammar_code,8gQ6
0.044757362,0.030982759,agrammar_code,exK5
0.026225533,0.017986534,agrammar_code,5Rdxe
0.028885284,0.011291219,agrammar_code,x74gR
0.0044563683,0.039005294,agrammar_code,cQ37c
0.01899614,-0.00826073,agrammar_code,eN3g2x
0.03174996,-0.010470973,agrammar_code,g1f=Bx
-0.018753966,0.06508086,agrammar_code,25fQ
0.027405374,-0.01605236,agrammar_code,xd2R6
0.030897927,-0.016208054,agrammar_code,1baxN3
0.032766324,0.013200307,agrammar_code,xB13b
0.04345384,0.02306887,agrammar_code,6dbB
-0.042974994,0.004415322,agrammar_code,Qx36da
0.018936422,-0.00159492,agrammar_code,N5xhg
0.020394258,-0.0076393476,agrammar_code,8xf6R
0.034153912,0.022442253,agrammar_code,Bh64
0.02411306,-0.007267787,agrammar_code,gxB8
0.036891546,0.000823035,agrammar_code,2bRfx
-0.0038712749,0.03500171,agrammar_code,23gQf
-0.004493164,0.05735844,agrammar_code,dhQ15
-0.0544623,-0.00012369077,agrammar_code,Q5c8
0.013676074,0.015449405,agrammar_code,d4xa1B
0.026045382,-0.030401615,agrammar_code,5Rx2h
0.031698085,0.014227276,agrammar_code,7N6d
0.04511176,0.02987034,agrammar_code,7deN
-0.004998934,0.030330956,agrammar_code,xg54Q
-0.037376493,-0.00045405838,agrammar_code,Qgh2
0.044399608,0.055792592,agrammar_code,31Nd
0.0058625443,0.013918904,agrammar_code,bQb7
0.030627485,-0.01645926,agrammar_code,b5x4N
-0.024055477,0.0011402116,agrammar_code,5xQh6h
-0.022806041,0.002225832,agrammar_code,fQ3x5d
-0.012687515,0.027556937,agrammar_code,e6Q8x
-0.010284897,0.029594904,agrammar_code,d8eQ7
-0.024773883,-0.0005100765,agrammar_code,6bxQe6
0.028054245,0.014293561,agrammar_code,e7Nfx
0.022092663,-0.009657456,agrammar_code,5xR7a
0.0120051615,-0.021738604,agrammar_code,3Nxdb4
-0.0498627,0.021209814,agrammar_code,Q15hd
-0.032816164,0.03063699,agrammar_code,3Q6a
-0.013881041,0.11362442,agrammar_code,74Qa
-0.006184237,0.02182654,agrammar_code,cQ87xd
0.026386833,0.03174085,agrammar_code,b5cx
-0.028169625,0.009142587,agrammar_code,6Qh4h
0.033240147,-0.0070552365,agrammar_code,65xRb
0.029615808,0.014204274,agrammar_code,h45Bx
-0.0416067,0.0119803455,agrammar_code,Qgg41
-0.007849775,0.014097958,agrammar_code,5dQ8a
0.028868293,0.0011518728,agrammar_code,2a7Rx
-0.011241202,0.04106114,agrammar_code,egxQ3
-0.0104508,0.011149679,agrammar_code,2g3Qg
-0.039284106,0.007124551,agrammar_code,Qh71
-0.01546461,0.013781958,agrammar_code,3c5xQ
-0.048096422,0.0019966383,agrammar_code,Q3hh1
0.023584658,0.010153636,agrammar_code,xde4B
-0.015128311,0.0064234515,agrammar_code,1Qd2e
-0.009110834,0.026953012,agrammar_code,hQh8
0.02811329,-0.031870294,agrammar_code,Rdhx5
0.041530855,0.0011309263,agrammar_code,h2N3
0.033035472,0.03253128,agrammar_code,2xNh
0.052767012,0.044044495,agrammar_code,2geN
-0.031978704,-0.008831488,agrammar_code,Qd15
-0.06107909,0.005627254,agrammar_code,Q7h6g
-0.04776534,-0.010077142,agrammar_code,Q1d2
-0.0049706018,0.015429692,agrammar_code,hxcQ8
0.009231213,0.035104223,agrammar_code,bcQ7
-0.020127347,0.019481478,agrammar_code,x4eQ7e
0.024133017,-0.02893163,agrammar_code,B2fx
-0.015155031,0.01770337,agrammar_code,h6h7xQ
-0.0418018,0.029288838,agrammar_code,5h8Qxe
-0.014370825,0.05471927,agrammar_code,61afxQ
-0.012498546,0.0027314918,agrammar_code,7gQx5
9.8928045e-05,0.08522011,agrammar_code,6baQ
-0.020784056,0.024035355,agrammar_code,5xQdf
-0.005383212,0.053314243,agrammar_code,77bQc
-0.0050367313,0.020738082,agrammar_code,b8gxQ
0.0139658945,-0.018894156,agrammar_code,B4gf
-0.020653673,0.029268067,agrammar_code,4cQ3x
0.0024571924,0.05294441,agrammar_code,b52eQ
-0.0087879,0.07096245,agrammar_code,41cQ
-0.032175194,0.018905105,agrammar_code,7h6Qxg
0.011345273,-0.010676399,agrammar_code,6c4dxN
0.026641805,0.022965236,agrammar_code,b2ax
-0.0024271468,0.03327924,agrammar_code,e3xQ
0.020311147,-0.00173061,agrammar_code,7xRhf
0.015492185,-0.027607432,agrammar_code,3Bx4a
0.008018701,0.045120195,agrammar_code,dQ55
0.0066389963,0.042609762,agrammar_code,b74Qb
0.0027298236,0.058633443,agrammar_code,ex54eQ
-0.009073837,0.015433145,agrammar_code,c3gQ7
-0.015364392,0.028208826,agrammar_code,47Qb
0.0197381,-0.0089530675,agrammar_code,7Nx6h
-0.016712194,0.0005117288,agrammar_code,4xgf3Q
0.01451699,-0.015474755,agrammar_code,B6c4x
-0.06010882,0.007372794,agrammar_code,Qh63h
-0.011750389,0.011678379,agrammar_code,cx8Q8e
-0.01983303,0.02676732,agrammar_code,x6geQ4
0.012594453,-0.014052025,agrammar_code,B4e3
0.028950218,0.0028069802,agrammar_code,hb7Bx
0.018186597,-0.02441893,agrammar_code,B3d5
0.044297755,0.0033501543,agrammar_code,R7ga
0.02364907,0.013634184,agrammar_code,4Na3x
-0.004362527,-0.0017959165,agrammar_code,c2x7Q
-0.011288406,0.03181153,agrammar_code,d6Q3a
-0.035715457,0.00993105,agrammar_code,Qbb35
0.036035985,0.0090969885,agrammar_code,5gB
0.06646546,0.036991183,agrammar_code,abR8
-0.016562678,0.063270144,agrammar_code,7eQf
-0.020136876,0.036929503,agrammar_code,fQh42x
-0.008331504,0.05319886,agrammar_code,fcQ22
0.03203597,-0.0017896697,agrammar_code,3N4f
-0.022973035,0.017890897,agrammar_code,8Qfb
0.032871425,0.048077483,agrammar_code,65eB
-0.02058257,0.069361426,agrammar_code,3Qa1
0.0022908188,0.045856975,agrammar_code,ex36Qb
0.027025085,-0.00963915,agrammar_code,xcb7
0.0028679336,0.006254825,agrammar_code,d4bQ2
0.0068547153,0.03883961,agrammar_code,gbQ27
-0.040199105,0.060592204,agrammar_code,Qa73e
0.036434304,-0.006963002,agrammar_code,3Rc1
-0.0038072634,0.020270381,agrammar_code,xQ5cc
-0.03932046,0.017258264,agrammar_code,Qax63
0.0022222674,0.020475514,agrammar_code,d26xQ
-0.032065276,0.007922177,agrammar_code,f5hxQ3
0.032209344,0.055333253,agrammar_code,3fNh
0.039136488,0.0018925868,agrammar_code,1cgB
-0.0046372707,0.009823945,agrammar_code,gQx1
0.05370712,-0.019595835,agrammar_code,R41c
0.037381716,0.021466468,agrammar_code,fcB1
0.04172497,0.037961368,agrammar_code,ceN4
0.025424967,-0.01653742,agrammar_code,Nxb53
0.02046984,-0.038641665,agrammar_code,2Rxf7
-0.008080902,0.023613987,agrammar_code,gQe2x
0.021904986,-0.0029293858,agrammar_code,gx8gR
0.033825267,0.023597049,agrammar_code,cxR52
-0.0023812023,0.017223623,agrammar_code,2bgQ2
0.028539052,0.0028039876,agrammar_code,h43xN
0.035045534,-0.014173331,agrammar_code,=B1d
0.008793692,0.0182014,agrammar_code,3N5xef
-0.017322646,0.040635496,agrammar_code,2h6Q
-0.023362592,0.06783335,agrammar_code,fa6Qx
-0.024608592,0.04015208,agrammar_code,42Qhh
-0.019038374,0.035553724,agrammar_code,6aQ8
0.027800087,-0.034282915,agrammar_code,Nxb4a
0.028418617,0.008437179,agrammar_code,xefR8=
0.027012737,0.027745517,agrammar_code,x7Rah
-0.01606423,0.018310234,agrammar_code,x3Qbd1
-0.02480517,0.0068068733,agrammar_code,6Q2bx
0.03560364,0.031162392,agrammar_code,8dgB
0.0364047,0.008399103,agrammar_code,1hN=
-0.021498121,0.05954387,agrammar_code,ee6Q8
0.03702529,0.014968998,agrammar_code,hBg6
0.039907884,0.04254156,agrammar_code,b6K
0.050962485,0.054916263,agrammar_code,hRa1
0.021459939,0.007518448,agrammar_code,xNgh2
0.03345536,-0.037246104,agrammar_code,R8xf
-0.0065110116,0.06482475,agrammar_code,ae4Q
0.013714458,-0.0067470083,agrammar_code,B6xfe
0.033248037,0.018693939,agrammar_code,fd76N
-0.0052463883,0.0020137683,agrammar_code,xd2Q7
-0.016441526,0.046643935,agrammar_code,7e8Q
0.018234642,-0.0085412385,agrammar_code,K7b
0.01849403,0.007377718,agrammar_code,x2B3ed
-0.059504032,0.0012042295,agrammar_code,Q5h7f
0.024257777,0.026314748,agrammar_code,3e8R
0.0042218473,0.033696733,agrammar_code,h8bQ
-0.024192719,0.0028510124,agrammar_code,Qdb57
0.0031585598,0.022310363,agrammar_code,xdbQ68
0.006295374,0.007440224,agrammar_code,f5x6eB
-0.022358244,0.027117986,agrammar_code,xeQ6d6
-0.008230096,0.026490202,agrammar_code,7bgQ7
0.029708011,-0.012662574,agrammar_code,N5c6
-0.007807009,0.05459503,agrammar_code,e8cQx
0.023627281,0.013677749,agrammar_code,cgB7
-0.0042381343,0.010419775,agrammar_code,dxQ6h
0.044378452,0.03401669,agrammar_code,3aR
0.035677653,0.008118965,agrammar_code,abx7R
0.04002573,0.04721701,agrammar_code,cNa7
-0.012526203,0.009435194,agrammar_code,3x6dQ
-0.0062777847,0.036290422,agrammar_code,55xcQg
-0.0057367464,0.022164222,agrammar_code,d4h8Q
-0.020690532,0.017752307,agrammar_code,ghQx23
-0.009096219,0.044969648,agrammar_code,fQ52c
-0.004066486,0.011398997,agrammar_code,5dQ5g
0.031393234,0.026266718,agrammar_code,7cNd5
0.013880107,0.047185145,agrammar_code,cQ27
-0.00453475,0.058775783,agrammar_code,ff53Q
0.046090793,0.03413371,agrammar_code,eR5
-0.04904418,-0.024013566,agrammar_code,Qx2e6
0.035451286,0.010747259,agrammar_code,a4R7
0.026322024,0.030170241,agrammar_code,cR5xa
-0.025811348,0.030538026,agrammar_code,4cQc3
0.044616815,0.028822308,agrammar_code,aN7x
-0.06854232,0.0062145176,agrammar_code,Qhex6
-0.018548653,0.0006266314,agrammar_code,6Qg4
0.025029732,0.037092626,agrammar_code,cxaB3
-0.046974454,-0.006074027,agrammar_code,Qch5x
-0.010229558,0.0053071496,agrammar_code,1b=Qax
0.002628632,0.041569985,agrammar_code,gf11Q
-0.009842412,0.02132348,agrammar_code,8axQ8g
0.037670728,0.011678685,agrammar_code,cN4d
-0.046128638,-0.0302758,agrammar_code,Q2xf7
-0.006932174,0.04390581,agrammar_code,ab6Q6
0.01678371,-0.055234488,agrammar_code,Bx1b4
-0.019244527,-0.003508279,agrammar_code,3Qg8x
0.021282965,0.030826805,agrammar_code,5e3R
0.03990542,0.010923435,agrammar_code,N7ab
0.033685338,0.0028536336,agrammar_code,ex6fN4
-0.04384958,0.008637956,agrammar_code,Qh66
-0.04320332,-0.013813885,agrammar_code,Qxb26f
0.030532759,0.003049147,agrammar_code,2ex4fN
0.03710885,0.048522975,agrammar_code,c4Re
-0.008257185,0.013730703,agrammar_code,e3Qb3
-0.03706369,-0.015092246,agrammar_code,Qb45b
-0.014173716,0.05263139,agrammar_code,f7Qg
0.033041842,0.022277817,agrammar_code,eBxa7
0.0027611936,0.06565349,agrammar_code,a44Q
-0.04097083,-0.0090437215,agrammar_code,Qg3d
0.021148104,0.009154616,agrammar_code,5Bxeg
0.044005986,-0.03933445,agrammar_code,R4bf
0.051910914,-0.022112709,agrammar_code,R67f
-0.0079443455,0.03858954,agrammar_code,a4Qx
0.03935952,0.013797653,agrammar_code,N6ab
0.04358779,0.026434047,agrammar_code,a2aR
0.015278537,0.0008258814,agrammar_code,c5bB6x
0.029834406,-0.014834115,agrammar_code,xRbc4
-0.04783322,-0.026283383,agrammar_code,Q3gfx2
-0.020807957,0.013855424,agrammar_code,88Qgxd
0.022493271,0.06426116,agrammar_code,xa75R
-0.0057170168,0.03249188,agrammar_code,xQ34ef
-0.03516895,0.03797449,agrammar_code,6Qxa6
-0.013365213,-0.0026859336,agrammar_code,c4xQ2
-0.05181524,0.0032545277,agrammar_code,Qh5e
0.041285288,0.018008126,agrammar_code,d17Rx
0.037921526,0.012737049,agrammar_code,35Nf
0.040436663,-0.0014025877,agrammar_code,ecRx5
0.03153213,-0.033004988,agrammar_code,Rxd32
0.016455697,-0.0009182182,agrammar_code,6hf7N
0.011179932,0.017322399,agrammar_code,x4Nh6
0.024617791,-0.01614991,agrammar_code,1=xdcR
0.026572406,0.022155141,agrammar_code,h4eB
-0.009666685,0.053186912,agrammar_code,6b5Qa
0.018034332,-0.009930304,agrammar_code,x4Nb6c
0.04167624,-0.011884167,agrammar_code,N68b
-0.0038148416,0.00015776929,agrammar_code,xg2Q2
0.02655118,0.00043245676,agrammar_code,Ra8fx
0.03962245,0.039493605,agrammar_code,76Rcx
0.04032762,0.0020177744,agrammar_code,8bcB
0.029101534,0.023223026,agrammar_code,fB8h
-0.012645576,0.028494395,agrammar_code,c3h8Q
0.02477055,-0.015800564,agrammar_code,cNxb7
0.031790443,-0.005876973,agrammar_code,N5cb
0.020154234,-0.01427946,agrammar_code,fgx8R=
0.036380984,0.009252773,agrammar_code,ex4c5N
-0.06758334,0.032820337,agrammar_code,Q6edx
0.033810463,-0.014021567,agrammar_code,Rax8h
-0.008163161,-0.0101473965,agrammar_code,bx1Qh7
-0.008956548,0.017891064,agrammar_code,b3e3xQ
0.04290495,0.02478873,agrammar_code,cBe2
0.035535894,-0.038417332,agrammar_code,Rdx65
-0.011983253,0.0006351677,agrammar_code,eQx3g1
0.04651589,0.011337306,agrammar_code,8Rcg
-0.015979404,0.025255116,agrammar_code,25fxQ
0.025307992,0.009361052,agrammar_code,xRc3e
0.013297784,-0.01470079,agrammar_code,3x4fBg
-0.026500558,0.036307078,agrammar_code,Qe3h
0.032385383,0.0057282536,agrammar_code,xbK1
0.02221188,-0.05028226,agrammar_code,R5xg3
-0.056260876,0.014999188,agrammar_code,Q47b
-0.01589983,0.06261795,agrammar_code,1acQx
0.03684139,0.044353683,agrammar_code,1fNg
0.0149415,0.03134447,agrammar_code,6c5Nxa
0.05278696,-0.013408566,agrammar_code,R67c
0.042180344,0.007704506,agrammar_code,1gBb
0.029489594,0.0035913396,agrammar_code,e7dB6
-0.016817855,0.028772246,agrammar_code,g7Qhx
0.028735222,-0.04938558,agrammar_code,Rc1x7
-0.0055955467,0.024315055,agrammar_code,xQab21
-0.010261701,0.029664645,agrammar_code,a77Qxf
0.036176044,0.04723867,agrammar_code,f71R
-0.022448232,0.005171887,agrammar_code,4Qc4g
-0.027244497,0.0007208471,agrammar_code,Qdb13
0.05001035,0.023685858,agrammar_code,76dbN
-0.0006112425,0.030024746,agrammar_code,1e2dQ
-0.022611536,0.041503448,agrammar_code,f8Q6f
-0.01396963,0.08924203,agrammar_code,56aaQ
0.034400783,0.021158604,agrammar_code,gb3B
-0.05463665,0.05668697,agrammar_code,Q11ea
0.03167969,0.021644063,agrammar_code,f1N2
-0.016767086,0.012871484,agrammar_code,g6xQ7
-0.009929951,0.03800414,agrammar_code,5g1Q
-0.0127825495,0.0055914936,agrammar_code,xfQ6e5
-0.0034540023,0.05113945,agrammar_code,eQ12e
0.029244732,-0.0058433944,agrammar_code,3Ndxb
0.023707515,0.05137852,agrammar_code,23feB
-0.035725195,-0.01672241,agrammar_code,Qd3h
-0.04775918,-0.018074965,agrammar_code,Q8x8g
0.04247736,0.0657592,agrammar_code,3cNe
-0.019784201,0.011881439,agrammar_code,xh3Q3e
0.0053285654,0.04389663,agrammar_code,bf1Q
-0.009597669,0.048895355,agrammar_code,5b4Qa
-0.018627305,0.031238165,agrammar_code,62xfQ
-0.010918649,0.019856164,agrammar_code,e5Qf6
0.0060303938,0.030224817,agrammar_code,hb4Q
0.036030237,-0.0068036336,agrammar_code,gRh=8x
0.033313878,-0.00036841983,agrammar_code,8gfN
-0.008165525,0.017570151,agrammar_code,x3e2Q
-0.020709487,0.008636322,agrammar_code,xQe3e6
-0.021660583,0.0534889,agrammar_code,54Qdd
-0.0029405188,0.009738763,agrammar_code,8dQ7x
-0.025591401,0.021715702,agrammar_code,1Qfb
-0.0029758154,0.04917708,agrammar_code,b43axQ
-0.030485373,0.054776106,agrammar_code,21Qe
-0.0030383617,0.020355392,agrammar_code,gxc8Q
0.02104812,-0.018132173,agrammar_code,xfd3N4
0.008762108,0.035553697,agrammar_code,hQ2
-0.013206042,0.01611219,agrammar_code,33Qgc
-0.03306652,0.016529558,agrammar_code,2Q5xc
0.041779216,0.0062613576,agrammar_code,R5ga
0.015029864,0.0054579102,agrammar_code,c6bx
-0.0027140728,0.050217014,agrammar_code,8b8Qa
0.031961225,0.013513135,agrammar_code,xhaR2
0.04782616,-0.020180177,agrammar_code,Rgd5
0.056397874,0.031375654,agrammar_code,exB46
0.007686162,0.021407595,agrammar_code,eQb1
-0.017738048,0.08303824,agrammar_code,6exQ
0.03698332,-0.006212961,agrammar_code,N4db
0.02961084,-0.009325799,agrammar_code,g4Nf2
-0.014758387,0.04807693,agrammar_code,1f3Q
0.03376152,-0.010338662,agrammar_code,75xNcd
-0.012770211,-0.00039018336,agrammar_code,xQ6c5d
-0.0029957064,-0.013654435,agrammar_code,xbQ4b3
0.046331752,0.0027250913,agrammar_code,b2Bd
-0.014931102,0.037800323,agrammar_code,5c3aQ
0.003926654,0.026622254,agrammar_code,dQ7c
-0.0088338,0.033433188,agrammar_code,6dd4Q
-0.0006835445,0.028998226,agrammar_code,xd3Q
0.059252355,-0.025926912,agrammar_code,R23b
0.042212415,0.06341967,agrammar_code,h6Ra
0.032003757,-0.011372424,agrammar_code,7Rd4
-0.014466968,0.017271712,agrammar_code,5gQhx
0.030488692,-0.017384006,agrammar_code,Bc3d
-0.0049774577,0.013481672,agrammar_code,dxQ6f
-0.013014608,0.024188863,agrammar_code,56Qbc
0.028948436,0.008226954,agrammar_code,B35bd
0.02489018,-0.0020426991,agrammar_code,53Rxb
0.028625542,0.0063097333,agrammar_code,5Ndc3
0.026476962,-0.060044672,agrammar_code,Rx5b2
0.039704036,0.028473536,agrammar_code,67aBb
-0.009535866,0.013987143,agrammar_code,1xg5cQ
0.018491166,-0.010208777,agrammar_code,6cbxB
-0.025286896,0.009415074,agrammar_code,1Qe2x
0.026853345,0.009930725,agrammar_code,ceRx7
0.030286875,0.034330413,agrammar_code,Rec6
-0.0584739,0.015484729,agrammar_code,Q87cb
-0.0195649,0.011450063,agrammar_code,8fxcQ8
0.03328096,0.0016962546,agrammar_code,xRg12
0.025130613,0.057602495,agrammar_code,7xaRf
0.022488043,-0.013252013,agrammar_code,Ncax8
0.005657122,0.038551837,agrammar_code,eQ88d
0.020301983,-0.00039135528,agrammar_code,fxB46h
-0.010461334,0.011640656,agrammar_code,xgb3Q8
-0.061429847,0.0062658587,agrammar_code,Q6b6g
0.036941096,0.015627611,agrammar_code,a3R5
0.02580155,0.018989427,agrammar_code,fRg3
-0.04090852,0.018322222,agrammar_code,Qec7
0.016490154,0.013325852,agrammar_code,B8dex
0.034877136,0.03246238,agrammar_code,7aBg
0.016769113,0.021554325,agrammar_code,x4fRe
-0.006174533,0.018192787,agrammar_code,ecQx8
-0.03567523,0.007999016,agrammar_code,5Qxc3e
-0.017777698,0.037630714,agrammar_code,83Qh
0.007608356,0.08065325,agrammar_code,11xabQ
-0.028092768,0.011686384,agrammar_code,Qag6
0.036551528,0.006636621,agrammar_code,e3Nc4
0.038252737,-0.016858343,agrammar_code,eNf2
0.044874694,0.038606726,agrammar_code,c62R
0.015629709,-0.042914398,agrammar_code,Nx4f3
0.02657005,-0.0020510643,agrammar_code,cRx53
0.022224253,-0.018580358,agrammar_code,3gexN2
-0.009414436,0.045284174,agrammar_code,f2Qg
-0.006530285,0.015558455,agrammar_code,x2gQh
-0.015848534,0.100369945,agrammar_code,21Qa
0.03136375,-0.010371145,agrammar_code,1eBx2
0.02621874,-0.03714525,agrammar_code,R3x6a
-0.059525277,-0.010789313,agrammar_code,Q7bf3
0.02710464,-0.0115252,agrammar_code,3B4g
0.03567192,-0.0013405386,agrammar_code,4gBd
-0.026342014,0.06665962,agrammar_code,6xeQb
0.014414477,-0.02026468,agrammar_code,Bg74xd
-0.0061982926,-0.002616413,agrammar_code,2dQc2
0.031704195,-0.0046781865,agrammar_code,aBdx6
-0.033160657,0.01996418,agrammar_code,Qe1a5
0.036137618,0.017248556,agrammar_code,N5ec
-0.003337818,0.015674917,agrammar_code,d3Q3b
0.012722916,-0.01333849,agrammar_code,3B5xb
0.017045718,-0.023412377,agrammar_code,B4g6
-0.05666858,0.02427582,agrammar_code,Q44xh
-0.0031271242,0.060561527,agrammar_code,aQ35
0.0047259005,0.04920468,agrammar_code,a72aQ
-0.01433303,0.03729542,agrammar_code,cg4Q
-0.012754018,0.04874547,agrammar_code,2bQe
0.044648927,0.054831926,agrammar_code,bBe3
0.031542838,0.007367155,agrammar_code,4bcxN
0.023459882,-0.015908299,agrammar_code,dxRd7
-0.0018453373,0.043544848,agrammar_code,eQ5d
0.034705125,0.0012679027,agrammar_code,cRex8
0.03239101,-0.032519046,agrammar_code,Rx74h
0.04316126,0.030795151,agrammar_code,e7B
0.034725845,0.041815463,agrammar_code,6Nec
0.05856192,0.032035362,agrammar_code,aR7
-0.0070016254,0.010669609,agrammar_code,=dQ1
0.0047929394,0.03675854,agrammar_code,hb5Q
-0.03647625,0.029540664,agrammar_code,6Q3dax
-0.054749485,-0.007114048,agrammar_code,Q4xbb6
-0.0049066823,0.037632726,agrammar_code,5cxQg
-0.022163738,0.0046079145,agrammar_code,6Qb5
0.044579178,0.029684788,agrammar_code,ex8cN
0.027103517,0.001411706,agrammar_code,b4c5B
0.012913924,0.013202881,agrammar_code,6Ngxf
-0.002024344,0.09515467,agrammar_code,8aQa
0.033792607,-0.0032141674,agrammar_code,Bfe2
0.020252334,0.018946737,agrammar_code,5be8B
0.02708804,0.010715028,agrammar_code,xd38R
0.017622387,-0.02925525,agrammar_code,Kd1x
0.013828976,-0.016447425,agrammar_code,5gf4Bx
-0.0072116926,0.008371175,agrammar_code,x3c4dQ
-0.003137612,0.05129516,agrammar_code,5dQ
0.01886297,0.0005178413,agrammar_code,hx57gN
-0.02058205,0.014206391,agrammar_code,4gQe6x
0.027679147,0.022932991,agrammar_code,Bec53
-0.0059764003,0.04729041,agrammar_code,ffQ4
0.01579423,0.01040335,agrammar_code,eN8xd
-0.0014848906,0.01901509,agrammar_code,dQh44
0.038708236,0.032667387,agrammar_code,e3
0.0014665656,0.08692651,agrammar_code,be66Q
0.014811022,0.0034321924,agrammar_code,x5Bfb
-0.01749298,0.01674725,agrammar_code,ef8Qx8
-0.049676105,-0.0107234325,agrammar_code,Q4g4d
0.03797806,0.04811626,agrammar_code,e8cR
0.057257116,0.06584986,agrammar_code,geN6
-0.020194907,0.052539513,agrammar_code,88Qcxa
-0.051442225,0.017160935,agrammar_code,Q42cc
0.032871924,-0.021737298,agrammar_code,N3c4
0.0007943267,-0.021940438,agrammar_code,bx2Qf2
-0.01571488,-0.009612486,agrammar_code,5dQx2d
0.033390526,0.008397584,agrammar_code,cx75Nb
-0.0196695,0.03471816,agrammar_code,5hxe2Q
0.03529407,0.019610668,agrammar_code,5Rd
-0.026854845,0.027351957,agrammar_code,4eQf4
0.031195542,-0.014531017,agrammar_code,cRx1h
0.042077847,0.0007871115,agrammar_code,dB1c
-0.0044535575,0.076970674,agrammar_code,feQ21
-0.00017249193,0.05651859,agrammar_code,d21eQ
0.022338279,0.058410004,agrammar_code,6xeBa
-0.029871609,-0.02599127,agrammar_code,Qd2
-0.0032273524,0.012032948,agrammar_code,xd5Qb
0.034294922,-0.0030025681,agrammar_code,3N5b
-0.060869884,0.029419035,agrammar_code,Q8exa
0.01901429,-0.015298778,agrammar_code,gxBb8
0.013899263,0.046749543,agrammar_code,cQ24
-0.012931608,-0.002030884,agrammar_code,2hQ2xf
-0.02836793,0.07627658,agrammar_code,88Qex
-0.0025526877,0.044366103,agrammar_code,a5Qd
0.034225065,0.038574066,agrammar_code,6eBd
-0.015914232,0.0345837,agrammar_code,1xadQ4
-0.011211628,0.044333357,agrammar_code,Qab55
0.03178385,-0.0070327045,agrammar_code,5Rc8
0.031293955,-0.00088228285,agrammar_code,xRdb7
0.031391215,0.0199052,agrammar_code,x3Rfa
0.0373581,0.021249082,agrammar_code,c6Rb
0.0036957627,0.042336393,agrammar_code,dd5Q
0.018631725,0.0037817191,agrammar_code,dx5K
0.04066951,0.016363073,agrammar_code,ex6R8
0.038859297,0.05154183,agrammar_code,4Bab
0.020533955,0.0033417556,agrammar_code,Nd6e8
0.049966704,-0.032898787,agrammar_code,Rc2g
0.036027987,-0.024676496,agrammar_code,Bd5c
0.032320987,-0.022381632,agrammar_code,Rf8f
0.03342164,0.02300907,agrammar_code,c8Bf
-0.0080232,0.0009062543,agrammar_code,b1Qx4
-0.012491174,0.03121079,agrammar_code,x24Qf
0.01853631,0.038689107,agrammar_code,f87xhN
-0.02661787,0.033786967,agrammar_code,3Qfex
-0.012241806,0.008117016,agrammar_code,d1Q4dx
0.021079296,-0.03149944,agrammar_code,R7dxf
0.029117208,0.01906671,agrammar_code,Bef87
0.043760408,0.032568995,agrammar_code,a1Bg
0.0492609,0.0448982,agrammar_code,deR7
0.02938878,0.011899503,agrammar_code,8d6cN
-0.011304429,0.030451281,agrammar_code,x3bQd
0.028847324,0.035336453,agrammar_code,Be3f
-0.007046614,0.012298417,agrammar_code,8x6dQ
-0.00077905995,-0.013352547,agrammar_code,Nh5x3
0.0022908268,0.07116308,agrammar_code,3gQa
-0.018572478,0.041986823,agrammar_code,48Qcc
0.00037696277,0.022631211,agrammar_code,xQ2fh
-0.029351119,0.051788192,agrammar_code,1Q1ef
0.03594841,0.007268508,agrammar_code,xR16d
7.0089896e-05,0.07469727,agrammar_code,e31eQ
-0.012696867,0.029392935,agrammar_code,eQ1a5
0.043888543,-0.035361424,agrammar_code,Rcd8
0.034071263,0.005053725,agrammar_code,ex6d5B
0.022953827,0.0007264648,agrammar_code,f2ex3B
-0.02934569,-0.011469229,agrammar_code,Qab4x5
0.012935491,0.0055680443,agrammar_code,5g6hB
0.05168149,0.034529652,agrammar_code,efN5
-0.002108566,0.003909638,agrammar_code,gf2xQ
0.034214754,0.03559619,agrammar_code,c1eN
0.049651865,0.035452824,agrammar_code,8Rga
-0.039724905,0.00013138655,agrammar_code,3Qxde3
0.018605234,0.032298494,agrammar_code,5eNxc
-0.014670788,0.051527496,agrammar_code,x55Qe
0.038446654,0.025833296,agrammar_code,d3cN
-0.017688228,0.029177912,agrammar_code,6cQ7x
0.019804424,0.0047383625,agrammar_code,3f1gN
-0.05710606,-0.002518316,agrammar_code,Q1f4x
0.01949168,0.0021452387,agrammar_code,x2h3R
-0.022869285,0.013840526,agrammar_code,1Qh1c
0.025888508,0.0013663729,agrammar_code,4hR5
0.020010974,0.07266255,agrammar_code,xa53R
0.01574437,0.032128185,agrammar_code,dbQ55
0.034373805,-0.05429725,agrammar_code,R2x4d
-0.0029732336,0.03295272,agrammar_code,46dQb
0.0059824856,0.023000177,agrammar_code,hbQ1x
0.019846322,0.010863597,agrammar_code,4N3xh
0.024929821,-0.015246361,agrammar_code,Bg7h
0.05474741,0.049904577,agrammar_code,b1Na
-0.017425556,0.059048038,agrammar_code,6ef7Q
-0.013963929,0.02831797,agrammar_code,7c4Qc
0.024581172,-0.020820994,agrammar_code,gx2eN1
0.05316757,0.031551387,agrammar_code,b62R
-0.018787488,0.05838874,agrammar_code,7dfQ
-0.0014569993,0.011424836,agrammar_code,hxQ6h
0.04730936,-0.019734984,agrammar_code,Bca2
0.0049692416,0.0109742135,agrammar_code,bQb8
0.054092992,0.028239554,agrammar_code,Na32
0.031959023,0.026785573,agrammar_code,xeaB2
-0.05738657,0.0068905805,agrammar_code,Q3cf6
0.0028659794,0.048139106,agrammar_code,d33Qc
-0.008273681,0.0001667882,agrammar_code,dQ3xb
-0.02058546,-0.006790696,agrammar_code,5fx4Qf
0.025989484,0.0155554,agrammar_code,f7B6
0.0008576342,0.019430704,agrammar_code,bx5Q
0.018703029,-0.0073756226,agrammar_code,xR3e5
-0.018088667,0.036407694,agrammar_code,ceQx4
-0.018099917,0.031095453,agrammar_code,c6gxQ
0.018263927,0.006595568,agrammar_code,x6aR3
0.042305645,0.02414253,agrammar_code,7bNc
-0.06257769,0.0060486584,agrammar_code,Q3g5xe
-0.040969845,0.009704984,agrammar_code,Qbe3
-0.018537195,0.011051769,agrammar_code,5bQe5x
-0.020454392,0.00836288,agrammar_code,4Qcc7
-0.016765567,0.04075309,agrammar_code,xQee8
-0.010774875,0.031331696,agrammar_code,53xQg
0.018642398,0.002304827,agrammar_code,8aNx7
0.03085212,0.012180154,agrammar_code,dB1xe
-0.0126576675,0.032843504,agrammar_code,64Qg
0.03990386,0.020784387,agrammar_code,34cB
0.03155549,0.047166843,agrammar_code,4cRc
0.015312327,0.00093726296,agrammar_code,f1Bg2x
-0.0018216977,0.052733496,agrammar_code,28gaQx
-0.028589657,0.026585206,agrammar_code,1Qe3g
-0.014804519,0.038084142,agrammar_code,77Qh
0.029934574,-0.01027324,agrammar_code,d2g5B
0.032315526,0.018035714,agrammar_code,x2Bfe
0.026894858,0.008999841,agrammar_code,a4R3x
0.033072636,-0.010893566,agrammar_code,=cB8
0.04420488,0.008797575,agrammar_code,Nce65
0.019716917,0.04222431,agrammar_code,46xacB
0.036521923,-0.013823992,agrammar_code,Rhf3
0.006479837,0.06958478,agrammar_code,cQa5
-0.05363946,0.020147158,agrammar_code,Q3df
0.039659414,0.012203338,agrammar_code,8N6a
0.027651798,0.022019094,agrammar_code,63dRx
0.059118424,-0.025412098,agrammar_code,R27d
0.015502379,0.0092078885,agrammar_code,x3e5R
0.036332767,0.014973005,agrammar_code,2xNa
-0.002722427,0.038052253,agrammar_code,b35Qx
0.0131477555,0.059320003,agrammar_code,ab21Q
-0.003739822,0.015417457,agrammar_code,Kh3x
-0.01830977,0.0066515007,agrammar_code,dhx6Q2
0.004286289,0.018471733,agrammar_code,xcQ88d
0.029363504,0.010651121,agrammar_code,xd1Nc
0.055552397,0.07398849,agrammar_code,geN56
0.03361866,0.019795429,agrammar_code,1c5R
0.029103374,0.010702186,agrammar_code,h6R7
-0.012014533,0.03382839,agrammar_code,c1Q3a
0.01809196,-0.024217984,agrammar_code,5Nf4dx
0.028492747,0.0024837623,agrammar_code,2aB3x
-0.0073238937,0.025238184,agrammar_code,h8Q8
0.0453206,0.03512416,agrammar_code,8aRg
-0.047718946,0.01910469,agrammar_code,Qed7
0.02589473,0.010905872,agrammar_code,fx8Ba
0.026215708,-0.011078012,agrammar_code,xBcb45
-0.016511863,-0.0027432267,agrammar_code,1Qdc2
-0.0076932725,-0.00033952118,agrammar_code,2e2xQg
-0.043607693,-0.0006452951,agrammar_code,Q2ga8x
-0.0074324356,0.036036856,agrammar_code,cx3aQ
0.050984368,-0.0018587258,agrammar_code,bRcx4
-0.04015107,-0.037608888,agrammar_code,Qd8dx7
0.008116496,0.009399812,agrammar_code,cQb2
0.033111926,0.046215903,agrammar_code,8fNg
0.040785883,0.030798567,agrammar_code,2Ne1
-0.025927301,-0.018227383,agrammar_code,2Qxd5
0.02011241,0.04537864,agrammar_code,fR5ax
0.015067607,0.017363384,agrammar_code,bcxQ22
-0.044075824,0.00033750889,agrammar_code,Qx7af
-0.0042548236,0.033120614,agrammar_code,24xgeQ
0.037160937,0.03695728,agrammar_code,76fN
0.007995356,0.07930684,agrammar_code,1baQ
-0.022906905,0.030294579,agrammar_code,14xQe
0.021147411,0.022253567,agrammar_code,x45eR
0.029876107,0.0054741967,agrammar_code,xbgR3
-0.0021066547,-0.0003739267,agrammar_code,dx2a5Q
-0.014436459,0.04012241,agrammar_code,eQax3
0.0040852767,0.035779234,agrammar_code,bgQ2
0.00018488876,0.013428219,agrammar_code,88dxQb
-0.011244546,0.011950945,agrammar_code,h3Qcx8
0.04215698,0.022522135,agrammar_code,c1bR
-0.0050374977,0.04953568,agrammar_code,b6hQ
-0.0064296527,0.01899102,agrammar_code,h7Q7e
0.0031927894,-0.027098475,agrammar_code,B4h3gx
0.025230922,0.01759718,agrammar_code,c7hB
-0.005644493,0.085820675,agrammar_code,6fQa
-0.01980933,0.002118787,agrammar_code,3Qax2b
-0.029957358,0.06277914,agrammar_code,7Qxa
-0.012974644,0.024299238,agrammar_code,x1aQ1
0.036741782,0.002019906,agrammar_code,7R4a
0.048903715,0.045871817,agrammar_code,a32R
-0.009525474,0.02424339,agrammar_code,xQh55
0.02215978,-0.0129655,agrammar_code,3h2Bx
-0.012401338,0.028620899,agrammar_code,x4Qha
-0.0158484,0.008220247,agrammar_code,a3Qx4a
0.030249888,-0.0032838169,agrammar_code,xNb1d
0.045111984,0.033470403,agrammar_code,8Ndc
0.026929703,-0.008185633,agrammar_code,gx1Bd
0.036276475,0.025464477,agrammar_code,Rhe4
-0.012725333,0.02029603,agrammar_code,d7eQ8x
0.019270621,-0.019514345,agrammar_code,4xg5N
-0.030186659,0.04228968,agrammar_code,6Qah
-0.0078101014,0.036387064,agrammar_code,cc15Qx
-0.055602774,0.031683695,agrammar_code,Q11e
0.014455548,0.0028995012,agrammar_code,f4xh2B
0.039058104,0.04445638,agrammar_code,fR75
-0.0049741147,0.030956656,agrammar_code,dex1=Q
-0.036045182,0.028960617,agrammar_code,1Q1hex
0.00665401,0.012154851,agrammar_code,xdQ2
0.036749963,-0.0025810974,agrammar_code,3gR6
-0.0051087257,0.039461598,agrammar_code,aQ54b
-0.013117477,-0.005897332,agrammar_code,fg1Qx2
0.031561658,0.011546069,agrammar_code,Bec4
0.044639632,0.033372834,agrammar_code,h46B
0.03634359,0.012037851,agrammar_code,df6N
-0.048624568,-0.012169316,agrammar_code,Qxg65h
0.02843166,-0.00040527675,agrammar_code,xBge4
0.034011293,-0.037164435,agrammar_code,R1xf
-0.010042632,0.0056921993,agrammar_code,6gx1gQ
0.022836844,0.011273825,agrammar_code,6c5B
0.003044528,-0.024426898,agrammar_code,B5xd4e
-0.010030643,0.02582617,agrammar_code,ed4Q3x
0.04529938,0.012150836,agrammar_code,dN76f
0.03191628,-0.03947316,agrammar_code,Rbx3g
0.025379598,0.039584026,agrammar_code,x6ecB
-0.0059291325,0.094708145,agrammar_code,fe65Q
0.013571588,-0.012874447,agrammar_code,N5fxd
0.030485485,0.0021697234,agrammar_code,6N5h
0.01530215,-0.021916553,agrammar_code,B1xf
0.043486115,-0.03837078,agrammar_code,R2e1
0.027185967,-0.004134337,agrammar_code,x1R4d
-0.015086773,0.046032973,agrammar_code,1g3eQ
0.02874952,-0.013809897,agrammar_code,dRx8g
0.03190581,-0.016402721,agrammar_code,dRx4b
0.048072126,0.004956457,agrammar_code,gR2h
-0.05409607,0.033963837,agrammar_code,Q27aa
-0.01738762,0.050975766,agrammar_code,fQ5f
-0.009218223,0.02523913,agrammar_code,xQc63
-0.022278445,0.09650842,agrammar_code,65xaQ
-0.010419393,0.043894827,agrammar_code,x1Qag
0.0048204814,0.02539221,agrammar_code,d2Qc
0.014541923,-0.018188028,agrammar_code,h6xfN5
-0.04748734,0.006495149,agrammar_code,Qh43
-0.02290526,0.050698373,agrammar_code,5xaQ3
0.02676901,-0.010111641,agrammar_code,Bb43c
0.03355155,-0.0402672,agrammar_code,Rbhx5
-0.049178954,0.027762119,agrammar_code,Q3ca
0.03313634,0.009991071,agrammar_code,b8xBh
0.021802006,-0.018789817,agrammar_code,dR5x3
0.012070605,-0.014746986,agrammar_code,B6cd7
-0.008528347,0.056606382,agrammar_code,heQ8
-0.055689186,0.02055011,agrammar_code,Q52d
0.013899472,-0.0045124735,agrammar_code,B7fd
0.02484692,0.008085332,agrammar_code,6bNxd
-0.0032222746,0.029630698,agrammar_code,8xddQ
-0.020151196,0.026501695,agrammar_code,56Qfg
0.025987653,0.0073682535,agrammar_code,2aBxd
0.05224804,-0.01656201,agrammar_code,R62a
-7.193446e-05,0.02981544,agrammar_code,bx57Q
-0.013507106,0.00714911,agrammar_code,g6x4Qg
-0.009235533,0.014930013,agrammar_code,x8c3Q
0.041071743,0.009575256,agrammar_code,dR2c
0.04298475,0.023942925,agrammar_code,hR15
0.03252354,0.028468138,agrammar_code,eB46cx
0.014209199,-0.011720607,agrammar_code,Nfhx43
0.026529409,0.015917415,agrammar_code,3Rxca
0.019705415,-0.008011982,agrammar_code,Bcex86
-0.005740156,0.008072312,agrammar_code,x8Q2b
0.009407623,0.019447327,agrammar_code,5cBxe3
0.035444308,-0.013524389,agrammar_code,1Bd3
0.027687522,0.013458228,agrammar_code,xN7e
-0.0211044,0.07331674,agrammar_code,f66Qe
0.024608953,-0.004903944,agrammar_code,b4x6Nc
0.037014466,0.0030135098,agrammar_code,xR85d
0.027973948,-0.013020365,agrammar_code,xbf8B
-0.044346243,-0.010449364,agrammar_code,Q3x5hh
-0.012540326,0.023341257,agrammar_code,f2bQ6
0.041845374,0.0127810165,agrammar_code,e2hB
0.025520233,0.031407695,agrammar_code,1aNxc
0.028998941,-0.0014878117,agrammar_code,8cx7dB
0.03608728,0.00967869,agrammar_code,x1Rad
0.02265771,0.029693868,agrammar_code,5Nce6
-0.028987695,-0.006721353,agrammar_code,3Q4xcb
0.034113925,0.04772758,agrammar_code,c6K
-0.037494395,0.003378543,agrammar_code,Qc15
-0.017245645,0.010952021,agrammar_code,h3Qh5
0.010741515,0.033607937,agrammar_code,bd6Q
0.028233126,0.042228937,agrammar_code,gB1xe
-0.018403178,0.03648856,agrammar_code,f4cQ4
-0.011691485,0.050805505,agrammar_code,65dQc
0.028596813,0.03135541,agrammar_code,5dgB
-0.004621215,0.028902715,agrammar_code,a7Q2f
0.039463516,0.03208798,agrammar_code,e8Bf
-0.043268003,-0.038455527,agrammar_code,Qfb8x8
-0.030764502,0.0051289327,agrammar_code,15Qfxb
0.036300067,0.07067984,agrammar_code,ee1R
0.0015096352,0.03897166,agrammar_code,cQ36f
-0.012451324,0.01989924,agrammar_code,2xbeQ5
0.04621769,0.055895012,agrammar_code,dNe53
-0.005608191,0.040010758,agrammar_code,e1Q1c
0.014137827,-0.0135757625,agrammar_code,6a4xbN
0.022524696,-0.0012045503,agrammar_code,5R6fx
-0.004778033,0.017269976,agrammar_code,xd68Qf
0.052159425,0.003950922,agrammar_code,Nac12
-0.051940914,-0.0055197114,agrammar_code,Q8c2
0.004379063,0.039389852,agrammar_code,b8gQ
-0.0011906906,0.02497274,agrammar_code,d3Q2
-0.009225384,0.021433199,agrammar_code,eQ7d6
-0.015715657,0.022925904,agrammar_code,5d1Qd
-0.017462607,0.05938435,agrammar_code,5ae5Q
-0.05402834,-0.0059277816,agrammar_code,Q5xfe4
0.0053907847,0.04043297,agrammar_code,cQ62c
-0.0009683171,0.03484091,agrammar_code,gQ7f
0.04394654,0.022898948,agrammar_code,ffR1
0.013504789,0.0016693233,agrammar_code,xNd4e6
-0.00049059064,0.057519376,agrammar_code,ff62Q
0.0031806957,-0.028562149,agrammar_code,B5x4fg
0.030725373,0.027453173,agrammar_code,c5Bb
0.028933428,0.009940834,agrammar_code,fBb5
-0.0009102916,0.09722821,agrammar_code,e1Qa
0.02537702,-0.0033451014,agrammar_code,gR4xd
-0.01541717,0.041519668,agrammar_code,x42Qac
0.017285345,-0.019126724,agrammar_code,cR8x7
0.007742223,0.062585846,agrammar_code,ha4Q
-0.010923535,0.048901495,agrammar_code,xaQ21a
0.0048758835,0.03640483,agrammar_code,xcQ77
-0.02393387,0.043087155,agrammar_code,41hQx
0.04854574,0.023572782,agrammar_code,73bR
-0.011078522,0.031746756,agrammar_code,e4Q6e
0.02394222,-0.022126384,agrammar_code,Ng1f3
0.025137372,-0.011075364,agrammar_code,g=x1Nf
-0.012959492,0.023050284,agrammar_code,aQ3a7
0.025021804,0.01846876,agrammar_code,c65xNe
0.018330857,-0.002603298,agrammar_code,d1e3xN
-0.00038056241,0.016683223,agrammar_code,bxbQ86
0.015357167,0.0011979914,agrammar_code,hx4hR
-0.014269026,-0.010054729,agrammar_code,fQx2c2
0.023358183,0.022660179,agrammar_code,5N4ge
0.02188583,0.047570653,agrammar_code,7xeaR
-0.01237372,0.04393776,agrammar_code,8Qd
-0.016178837,0.05446557,agrammar_code,ce8Q6
-0.013531938,-0.0012705668,agrammar_code,8xQc2
-0.010819351,0.03398024,agrammar_code,g5Q3
0.011368912,0.031448077,agrammar_code,gd41Q
-0.0058815996,0.04665556,agrammar_code,h44exQ
-0.007738548,0.042541917,agrammar_code,x1Qa2
0.03697012,0.024263753,agrammar_code,e2Rax
0.019155912,-0.02195721,agrammar_code,3hxgB
-0.058837615,-0.0045909523,agrammar_code,Q7xge7
-0.038551833,-0.013809234,agrammar_code,Qgx36g
0.022261705,-0.0061514843,agrammar_code,4Bcx5
0.03196507,0.010733093,agrammar_code,gf3B
-0.010945133,0.037641987,agrammar_code,x44hdQ
0.03427321,0.015781907,agrammar_code,x2efR
0.03429661,0.009266129,agrammar_code,2R6e
-0.009572096,-0.006369153,agrammar_code,x4Qb1b
-0.0008921844,0.040639594,agrammar_code,gQ1g
0.019741239,0.024659539,agrammar_code,B64ce
0.036415253,0.008864235,agrammar_code,b5B7
-0.007604181,0.007946072,agrammar_code,cx6g2Q
-0.053943202,-0.0012727429,agrammar_code,Q5g8
0.036312535,0.030025605,agrammar_code,Re1d
0.043950412,0.05360627,agrammar_code,a6R
0.0228694,0.011037274,agrammar_code,hxR31
-0.005623967,0.014887702,agrammar_code,xQf23
-0.03688452,0.024935087,agrammar_code,6Q6cg
-0.010093867,0.052915003,agrammar_code,fh5Q
-0.009502997,0.012531708,agrammar_code,xf8Qh
0.04449139,0.024140334,agrammar_code,8Rgg
-0.01713556,0.028587507,agrammar_code,x6Qfc
0.027871637,0.006231172,agrammar_code,xdc1R
0.006580984,-0.039717242,agrammar_code,Kbx8
0.008921042,0.03523226,agrammar_code,e2Qc
-0.020562192,0.03125952,agrammar_code,x3a3fQ
0.040522464,-0.016102018,agrammar_code,Rgh1
-0.069674246,0.01706054,agrammar_code,Q6cxe8
-0.005500494,0.029408123,agrammar_code,xQ66e
0.0232702,0.025585791,agrammar_code,xeh8R
-0.01171406,0.009803321,agrammar_code,2x6Qbb
-0.019188251,0.007446655,agrammar_code,4Qdd7
-0.0146910325,-0.0009324026,agrammar_code,xQ3f3
0.031720754,0.036337003,agrammar_code,7Re6
0.037578978,-0.010386731,agrammar_code,Rbxa6
-0.06692978,0.0019806917,agrammar_code,Q3axc1
